Node_1,Node_2
881,1336
2152,187
531,1226
997,703
2242,118
1591,2019
186,1909
283,2159
1638,1610
1916,2168
1694,1355
609,801
1292,1250
1833,1074
968,1468
1386,1116
365,789
1419,1506
287,828
1184,73
363,391
2049,260
2074,1914
1684,1906
1985,545
1159,712
205,1810
498,2231
1646,1788
62,2300
1866,2212
1602,2291
550,1684
1079,1074
75,918
1378,1001
503,160
1589,2231
1592,2207
1938,1460
2121,1404
1373,260
1105,1218
756,1039
1465,2102
1572,1633
708,1372
1227,2205
20,965
1993,2306
820,2191
884,1550
24,552
1559,117
747,2246
2048,728
477,2266
400,1655
1727,707
558,270
1383,1112
209,1538
1965,1831
296,2220
519,289
1136,1302
167,211
1055,14
814,1347
1582,1675
70,1057
612,443
1905,1463
702,1210
2029,1361
526,61
768,1160
1593,408
730,1985
2232,410
2076,2191
144,986
246,1179
144,2244
350,1831
1827,657
2108,838
1679,260
1898,61
2301,2299
1291,2212
1096,1390
1799,918
1107,1260
613,802
1788,2163
2243,834
1593,1295
1811,1209
526,619
594,2039
177,856
379,1327
2306,931
477,684
1301,53
2212,965
1575,1909
1215,1815
695,1829
453,2009
965,1039
1171,1661
964,717
1602,518
806,2
1547,1975
1486,1468
5,1859
2206,1406
1886,345
131,1740
1212,2159
336,1661
1655,343
1187,343
118,185
491,2058
183,280
2247,2055
2035,209
343,1112
1078,302
1646,1378
1160,1872
1157,1906
1496,696
1389,523
2267,347
2212,2150
1784,1711
1263,209
1055,46
1165,40
144,1664
2212,1008
1179,1735
1574,151
646,53
2153,89
1866,12
947,2001
2097,1711
1711,917
2110,2144
804,1406
2097,1179
1222,1039
534,1822
1515,746
271,1248
1311,614
1697,7
449,1620
81,1290
450,503
1418,1923
1793,1832
343,181
2218,1187
1048,2138
1740,2257
339,870
1418,1419
1791,192
745,1841
1655,2126
205,1810
1851,1400
1641,8
2110,470
336,1827
1964,1400
2145,1112
1965,1831
840,1781
2194,295
1819,518
1594,391
2091,2033
1866,1418
1048,1128
1161,2206
131,802
1223,933
1641,315
1511,210
1661,1684
1605,2257
271,165
1805,2215
526,46
997,1788
1655,457
198,1116
774,1179
1223,234
1819,1160
476,683
1093,1711
611,965
549,1039
1040,1366
1301,1166
377,1716
1822,696
1962,1633
1424,285
1220,872
2245,57
1223,856
684,592
1232,1873
519,1327
992,1860
1102,1181
1298,1827
810,209
117,1246
1134,264
159,1754
469,497
2212,2231
1866,1985
2281,454
2091,1184
1174,347
1819,1200
653,1039
710,78
534,2191
522,802
59,1923
1906,1157
447,1160
1163,1708
1355,1327
652,1660
1506,2001
1953,800
443,139
482,2240
1297,1179
1713,1754
1622,547
296,1128
333,456
1179,2097
2215,893
1304,1977
957,1664
1773,2212
649,1179
954,1591
1459,1179
227,140
1418,61
2078,2218
1231,1273
1160,1602
1272,185
1955,2156
2122,1327
1446,1133
1096,1859
1039,2212
572,931
185,118
774,1711
1661,652
1866,343
2091,2033
1391,982
1305,1859
1866,1302
323,1187
182,856
214,1082
1511,800
1925,185
117,1372
1418,1923
1409,657
440,657
654,889
671,1502
1124,450
1098,53
524,442
2052,1767
646,1510
1096,2257
2296,1358
1711,539
669,547
1832,1688
1657,1460
1306,1827
915,1766
1201,2299
881,1133
695,1605
447,2126
845,619
1656,643
1074,1801
1465,1660
435,2001
2306,46
1655,2150
1291,2212
1917,872
1173,1503
966,60
997,1112
1201,2301
2110,2064
349,2218
2091,710
46,2033
188,1960
2212,310
1230,875
448,493
1273,2125
2303,611
505,1754
2159,832
992,1212
1387,458
1803,399
1296,1016
1923,619
100,802
1684,2102
1259,440
605,1666
997,2163
2273,260
534,2094
883,59
1124,450
664,1859
1559,117
833,1214
1866,684
458,1620
1419,1506
1078,302
2212,1788
1556,1788
534,2191
2250,458
1711,789
1025,2183
1276,1260
1740,385
636,1652
1043,17
2152,187
2300,1557
1664,209
833,1256
997,725
730,1039
1171,1660
1657,1179
20,343
1301,60
928,657
553,1400
1866,916
2134,2259
2201,547
288,1510
872,802
2280,1626
1483,1112
1640,2230
718,1418
2276,1652
1646,872
1858,1824
729,1801
522,1039
1526,1923
1435,2250
2250,1652
1799,838
530,911
1246,456
305,528
928,1652
2306,1078
1923,1039
1291,1153
1113,1419
1286,1358
725,1788
1418,619
1866,612
2058,1886
2139,1469
117,1160
341,1314
1566,2125
59,1112
522,2055
1962,2008
681,2156
1501,964
1820,800
644,1996
1964,1400
695,1605
1406,1822
27,212
389,1039
653,1506
1558,2156
1655,2126
1564,1147
388,1128
1434,611
57,800
1026,1840
1815,1215
529,1556
235,17
1655,678
1819,1160
1052,2205
1866,2215
1161,2206
1733,828
61,343
36,343
2150,2212
552,24
1290,81
532,1372
19,1043
822,1891
457,675
53,1301
1594,617
667,116
744,1179
2110,1956
1410,17
2212,2259
2126,1655
1646,2215
336,1660
1296,139
1926,838
1866,2212
1444,1923
946,1179
156,1478
964,1788
151,1754
1901,1132
968,1468
564,260
2253,211
292,1822
1998,1573
529,1556
953,1899
2270,2054
10,1605
1114,1886
343,2266
929,429
1455,791
60,1074
1231,2125
1511,716
2006,1301
1625,877
2191,81
2078,2218
2215,964
57,800
484,1102
949,123
1447,2227
550,1660
2033,1275
684,1831
719,302
1257,1157
1711,1737
1179,789
1024,213
16,2123
284,1270
1296,1327
1866,443
2259,443
1993,552
115,696
1102,413
1212,2159
1642,1828
227,2094
539,489
1223,1663
376,1295
391,363
1490,1890
1819,2212
762,499
1469,1832
1775,1711
807,1886
681,1374
820,213
859,391
286,1179
47,513
664,1683
518,457
1237,796
1955,1650
599,570
1106,1469
652,1157
2238,1916
2307,297
522,78
2212,1788
2110,1839
912,964
789,1711
2200,46
1811,1209
1768,2010
2142,1788
1400,1390
2212,1160
1097,1246
1811,310
287,436
1931,1871
687,319
2074,356
1606,1187
2215,443
902,581
947,965
1891,942
1259,760
2250,459
1223,933
1406,2206
1829,1176
2122,1355
992,1212
992,1069
540,1659
447,1505
1074,1079
1039,545
1529,2266
125,440
1374,2072
1866,1923
2307,343
1805,2033
117,1372
681,1133
1655,2134
1682,1815
957,1664
3,1078
1179,1756
917,133
2232,838
477,2266
1157,2121
664,574
1037,2259
1483,1831
1510,1327
1212,1832
1950,189
2169,838
59,1039
442,1335
1092,166
1902,2220
1378,1001
1923,611
429,929
503,1276
365,789
2185,1754
343,2212
1093,1822
14,1831
1301,2243
1355,278
1280,1573
619,2163
150,314
1151,2013
1851,2159
503,881
1827,1503
343,865
2159,1851
1309,324
488,1210
717,59
529,1078
931,343
2212,457
2212,703
61,2036
1794,1646
2243,17
1079,1471
166,1092
1406,657
1805,1179
280,893
1931,1871
1908,801
1827,126
877,1411
1647,1633
457,1246
1960,188
1327,1794
2259,139
2163,1468
19,1410
2125,480
210,933
1400,1069
1805,1372
544,2116
1684,2102
1921,1499
889,1890
744,146
2150,456
2097,231
1964,728
947,2001
647,2012
1620,458
284,863
1659,116
1593,408
148,457
2306,703
1400,2159
1153,1291
1990,2191
2247,1660
1541,1711
1374,503
1602,2212
1372,2036
2212,1302
2011,965
1639,61
534,1093
1785,2250
1184,2033
838,570
600,787
944,20
1223,1856
2240,375
1406,85
181,447
2297,587
9,1179
447,457
209,1816
892,2244
343,572
2191,1460
717,650
1655,2126
1660,1684
1964,1212
1184,278
963,314
645,1179
2001,1205
990,378
153,473
53,1301
1481,1187
1244,923
1128,1726
1703,1179
417,85
1274,800
986,2244
1193,1985
1404,2121
2288,343
172,1464
391,1594
1065,838
2134,2150
2257,101
1093,1822
2169,570
1006,493
664,1859
522,1726
1225,1605
1394,2215
443,1646
343,1985
368,1179
2280,1716
713,988
157,1112
11,1336
1018,440
100,802
1296,1355
1704,781
1819,1468
1496,696
1327,1355
1297,657
12,59
2158,1652
1659,377
965,2001
796,118
1917,562
832,1212
276,1433
1374,1550
614,1355
2076,81
507,314
2253,1711
1271,1886
529,1419
1340,2123
1827,2056
1153,1901
1327,1652
1458,141
1193,1863
180,1985
1923,619
454,657
802,872
1827,1684
2244,892
1419,2001
1646,1827
1251,1402
1459,2191
2126,1139
1669,518
796,1507
2152,1170
1773,518
47,617
2123,1060
1179,1856
992,1212
2159,1267
478,911
1408,1706
550,1157
2163,1419
526,1831
2156,1390
581,902
496,1365
1181,744
1516,314
139,278
1707,2206
1244,2093
1459,1822
2043,212
678,1655
1696,1336
1418,703
233,2212
613,260
2247,1215
965,343
1556,1788
2212,1602
1468,684
635,1652
333,703
1415,1452
1534,1116
1901,1132
2212,1139
2087,1067
501,1977
1615,1039
1387,1179
1711,1663
1064,1827
2097,1681
1973,2124
1469,1633
1906,1157
19,1410
1963,1314
2156,337
957,209
1511,657
61,1112
2122,443
56,497
1257,1157
1964,728
2200,46
716,1179
1301,1510
604,923
115,696
2115,1655
1613,790
1851,209
116,1659
1918,1039
2220,834
1397,555
389,2206
131,872
1166,53
1801,2212
892,1538
838,2169
2242,185
724,2123
545,920
1409,800
1783,1886
219,343
744,228
1186,2304
2091,2212
1420,1082
209,1633
2217,1428
529,1831
2259,443
2159,1977
443,614
1171,550
469,497
1965,717
690,1856
545,1039
1866,1652
400,2215
2209,2280
1276,503
1503,1660
1883,2102
2212,1655
2253,856
2294,2278
989,2097
1631,1652
1660,1661
68,2054
2018,518
371,714
872,1471
1177,657
1866,1418
1293,2126
964,1419
57,1620
636,657
213,2292
2121,652
1827,872
85,657
1661,1157
1486,1000
931,920
1869,1116
1602,2212
1179,789
2276,2260
1822,2250
2091,278
144,1538
513,363
2267,347
719,611
17,1397
528,1824
1866,2218
1018,716
1327,1794
178,1827
1418,1888
2212,1526
85,800
1711,1460
2212,1302
883,592
1529,2212
1198,370
1827,1815
1046,1919
1946,545
961,260
533,2020
1403,1626
1924,185
1254,1464
613,2212
585,828
2185,1652
734,1406
525,1889
1866,1923
1862,881
1504,459
1083,1863
964,684
1096,992
674,712
416,2212
1870,2039
2189,209
1082,920
1191,1179
180,1822
1469,260
1634,88
317,619
1051,619
2048,113
209,872
1184,278
150,838
1122,1804
1246,2126
1486,1985
1019,890
1298,1660
1534,1116
1280,1573
1711,706
343,2212
2029,1827
2128,1470
1459,749
892,260
1475,1129
2259,1327
342,1600
2229,2212
1510,2220
2231,1001
1867,112
974,59
1098,53
1648,185
61,950
2125,480
1602,2231
1859,1806
612,2274
1372,964
2048,213
1560,280
453,1827
1822,502
1246,1655
1184,1125
1002,1822
1985,545
997,619
868,1276
1711,1179
1513,1105
965,2011
486,1544
529,1831
1593,408
1815,1503
1684,550
1082,214
888,185
1301,1364
1291,649
1794,1646
2159,1964
2185,1121
2257,1647
507,1711
2048,1605
1516,570
343,2126
1878,2185
1402,1251
2212,12
262,1903
1526,1923
1549,432
2279,1526
1955,2159
1962,1390
1016,518
669,547
227,1711
532,2215
568,346
619,1831
719,181
1602,1646
1859,1522
2083,2215
1082,2212
2298,1404
416,2212
2126,1246
287,828
1273,2125
717,1205
1128,1726
1814,254
1468,456
600,2275
110,938
2122,1468
802,872
746,906
209,2130
2251,112
537,948
200,356
987,578
709,284
2179,271
149,881
457,1655
834,1542
148,1160
1372,278
1655,2212
1660,1827
1160,1872
1573,1280
693,1740
19,1132
899,1503
1711,58
2212,703
728,1664
1153,1901
2208,442
2110,1462
1560,1522
455,917
333,1160
2212,1872
50,1974
2218,2212
399,1345
1236,1418
1469,1266
1215,1815
322,1062
576,857
374,270
820,1212
820,1400
377,540
2206,2250
81,1711
708,1372
1851,2159
343,965
688,965
246,1179
190,1439
2134,2212
1869,1116
1711,2212
1985,2266
782,1916
1074,1801
1919,1046
1317,271
1093,1620
2152,1170
2126,1139
191,1179
2163,61
2077,1636
796,1507
548,1903
2259,443
1184,2306
81,1711
1125,1184
1711,1663
1246,457
181,2231
1418,1788
1735,1822
628,1029
2257,1469
1316,877
2263,1045
2289,1190
343,968
586,61
2150,2008
2124,1117
1283,1092
1462,2110
612,1112
1039,2008
2272,61
1447,1512
248,1301
2247,1827
17,1397
1602,1646
1160,1602
965,1039
968,1302
2163,965
965,2001
1181,744
1116,1406
1661,1684
454,534
1039,1302
1153,1901
235,2168
1586,1179
2033,24
228,1290
1602,1718
592,650
1591,954
1391,982
1605,1977
2272,2212
260,2244
2123,1060
1265,284
752,865
1419,2001
514,1916
189,1950
612,965
1212,1832
880,271
1039,2303
2138,1082
1192,1950
1613,891
820,728
820,1723
1886,345
466,1021
615,1520
1827,1404
2220,714
1526,1923
2191,1778
847,194
2001,965
1355,1327
2058,1886
19,1613
1859,1633
1661,2247
1212,1390
1985,343
851,910
76,1447
785,917
1179,8
1093,1711
744,2097
443,1665
2212,1160
2243,1301
2134,278
1605,728
1450,1571
664,1212
87,1826
389,2008
2145,1378
1696,2220
110,938
1711,443
1039,2163
702,278
1827,550
1132,17
1827,2121
1638,788
60,1128
1770,2014
350,965
2035,209
1374,1785
1510,492
209,1740
1101,987
105,297
272,1806
319,113
1501,964
378,1527
1906,1660
695,1673
435,703
1260,1276
829,57
2228,1043
1511,57
570,314
1831,965
139,1246
1036,696
1362,987
1008,2231
2158,847
881,192
447,1246
1517,881
684,181
1497,1179
373,1943
2134,1655
1989,1051
1851,1633
1002,2250
2045,1116
252,1859
1679,260
834,1510
725,1788
591,2081
116,1659
879,428
649,1822
522,1179
1866,2231
31,1102
1051,965
917,809
820,728
1078,619
806,614
1469,2156
2212,650
1161,2124
1917,2212
501,1266
2266,59
2080,1832
454,1179
506,1336
1223,1831
862,1071
1220,181
1415,205
498,181
1711,2097
1246,338
1868,2078
721,879
1235,1120
1916,1957
1866,1000
260,892
670,53
440,220
2136,1827
706,917
1179,1652
315,1822
1955,2159
2242,796
1078,302
2054,2270
1501,1831
2126,1160
1011,270
204,1652
661,2188
653,1923
604,2093
288,2243
31,1102
1332,2215
1440,191
1001,2231
6,1832
771,264
1805,703
1418,1039
1487,325
1817,493
1187,1606
1374,2078
461,1669
1578,115
188,1960
681,1133
1827,1503
1822,800
2134,2239
1181,466
357,1452
1822,2176
451,1204
1214,1256
219,2260
1051,965
1474,7
1940,789
85,347
1716,540
719,2183
1504,1093
211,1711
1811,2212
2167,712
343,2266
292,57
1128,388
1426,2212
1426,1039
549,1039
447,1602
2307,443
1223,1179
208,649
1864,2306
1965,14
730,343
1511,8
1559,278
1139,741
752,865
2122,1355
649,1856
1866,346
1301,1629
1798,1302
1776,391
772,1478
1255,147
2212,1872
1563,185
616,1093
540,1659
293,796
504,619
2215,1078
1664,728
516,1016
1968,1502
812,185
329,1662
178,2068
593,1923
1955,1390
1834,1664
350,1039
435,2215
1179,800
1713,2124
1074,872
612,965
1269,920
1551,1859
2215,1372
1296,1327
1305,1806
1376,2156
2126,343
1846,744
2048,319
1693,1033
1866,1863
1483,1187
435,703
1661,1660
1393,2293
1415,196
1564,391
681,385
1301,1166
1878,1121
219,1039
694,503
60,717
652,1906
1362,987
2017,417
471,920
1082,343
1423,443
1110,545
1908,801
1218,1366
1259,440
443,1660
216,621
1807,582
575,185
1511,2191
1866,1831
285,1424
801,1908
2259,612
545,916
400,2212
802,2130
477,2212
1203,870
773,872
2209,17
346,1001
2207,185
184,920
1711,343
2091,1184
1536,1569
728,2069
2045,1116
1786,932
59,2218
270,548
1513,1218
448,255
1356,2215
1355,443
1537,1449
1387,1179
24,552
500,1865
1039,619
2076,2191
1574,1121
1110,545
2126,343
1703,649
143,536
1539,301
1949,1001
919,1121
735,1112
973,1478
905,800
47,617
1186,2285
144,1679
1573,982
180,1039
1724,796
1355,614
2191,228
1949,2212
474,2257
1916,111
1941,2295
1179,2094
1218,1513
2134,2259
1082,297
321,343
894,731
1694,1355
2306,1112
550,2102
1301,60
1467,1179
1784,1625
799,1776
1755,1355
884,2078
1794,1355
1668,2016
2247,1215
2202,123
1212,1400
1160,1655
717,447
1573,1651
1510,1364
1769,7
1034,1471
795,1406
47,363
530,1779
2209,2280
1795,1419
2109,1400
2259,1468
356,200
2215,1078
1768,1243
1073,206
2110,1115
1075,1660
831,2186
1390,1400
1875,2251
2218,59
1661,652
1232,965
1395,2207
570,370
454,85
1694,614
81,2191
1181,466
201,1072
957,260
892,209
447,61
1713,2124
1684,1157
1493,1708
2056,2093
1485,1327
773,872
209,1916
1838,964
1043,1410
1646,1788
755,1904
735,1160
534,1179
19,790
1223,856
1711,1327
1834,209
710,1711
1845,518
1716,540
924,834
343,1711
587,103
793,1185
2150,1706
1209,1897
363,1594
19,891
181,872
1224,503
965,529
1061,982
1897,1209
1364,1510
2244,260
1529,1801
233,1397
210,1822
997,1801
292,1620
1754,1121
1829,1176
2091,61
1223,1856
1815,1215
1655,678
1280,1391
1085,1378
792,115
448,540
1564,1147
572,343
1618,2115
2212,684
773,1079
1305,1859
400,1301
1074,1299
41,2123
53,1364
2151,664
997,1831
1866,1082
1001,965
372,1212
652,2121
1539,89
1039,924
2151,1832
529,61
2001,61
85,1406
1829,1673
1178,2147
536,143
440,210
116,493
1335,442
1684,1661
343,1655
875,1230
539,1179
476,683
370,599
838,2169
1223,1822
1831,965
1884,271
235,2125
148,1246
1419,1139
2212,447
410,314
115,696
1418,703
1822,636
447,61
1029,628
1684,1157
453,1827
2147,1178
1160,2259
1832,260
1184,61
85,955
1711,706
1051,1000
1179,1406
1815,1503
2191,534
1602,1246
989,744
2094,1179
2215,2163
1651,1280
1105,1366
2259,612
789,1711
1620,210
545,920
710,343
1923,725
503,1374
503,7
1817,255
1316,753
2218,1074
1251,1402
1510,1017
1246,2212
1805,2215
377,1659
872,802
130,61
1179,543
343,1406
844,2130
931,920
578,987
728,1605
1390,2292
1406,1179
1687,284
1039,802
509,830
2090,602
1935,497
881,1133
448,540
1975,611
2191,228
1898,703
800,2250
1102,1181
2085,1886
2216,1903
2215,443
1312,247
1177,1406
1539,301
804,1093
532,1372
446,430
208,1620
1001,346
1661,1404
2224,388
717,1205
209,2176
1028,241
829,543
1815,1661
634,17
419,1152
779,706
1133,933
649,1822
834,1510
2306,1078
717,2212
443,1660
1806,1832
1655,61
2212,1526
2243,714
725,964
528,1824
534,1822
1414,917
796,118
1810,205
2122,443
1822,2176
820,1400
1593,376
1743,1223
1427,987
1683,332
529,1788
1280,982
652,1404
1418,2215
1845,1324
2244,892
1619,285
924,2008
2191,1681
310,1291
570,2169
1418,619
1212,2159
1039,2212
1822,2250
280,717
1109,2266
1179,2124
1712,150
2028,235
14,1923
1655,343
2126,343
1021,1766
1050,61
612,893
1039,343
895,2275
2007,2110
2104,1006
408,1593
1519,373
2231,1001
1089,910
443,1327
2212,2126
462,892
1327,657
410,150
1356,2215
1628,651
776,2275
1832,1688
964,684
1859,1886
1992,1172
1404,1661
1067,1246
1510,1301
1034,1471
1851,332
252,1859
421,1692
354,639
1515,459
925,988
445,330
1055,1923
1263,209
2269,796
612,343
1709,2231
1176,941
503,1276
2153,1688
1985,920
2083,2215
2153,1068
452,649
2093,2056
57,1822
1296,1985
14,529
484,1102
997,1863
574,1397
327,72
1179,2250
1002,657
68,712
1661,1503
1065,410
1565,8
2257,1633
59,2212
1380,1084
2218,1831
1179,2094
806,61
1090,1142
1179,1822
17,255
1529,1074
1099,828
1510,1327
1223,744
104,1179
717,1468
681,1550
1447,789
61,1078
1097,1711
1754,1652
1515,789
564,260
333,1655
1114,1916
1946,2212
2307,1112
442,1168
144,462
1955,1740
1917,2130
1161,1121
204,1327
2288,1985
1000,964
1711,649
1923,1419
1456,641
227,1711
522,1267
1529,2218
2306,920
242,417
905,800
927,337
2017,454
1734,483
1655,1602
1503,2121
567,1473
796,1827
965,612
1332,1184
838,1514
958,2039
1655,447
987,798
1583,337
1468,650
474,209
482,1569
410,314
1602,1246
2159,1400
19,737
807,1886
1591,954
1010,1903
1919,2285
2259,1655
2142,1788
112,2251
838,410
2294,1078
892,1538
2078,1374
1070,57
1710,1179
2105,672
571,896
1447,789
2018,518
1661,2102
2220,943
1079,802
2006,1166
1818,513
281,79
242,417
2212,1711
1878,1121
818,373
917,1015
2257,1977
2300,62
1578,115
1602,1160
433,1655
1177,800
2271,2118
1217,151
938,110
1782,2068
2156,281
1387,210
284,168
1627,1661
2186,872
384,917
85,955
17,754
2209,17
1334,838
1410,1939
787,895
390,14
609,1908
852,2033
1418,2218
1679,462
1279,1001
2122,1327
1866,1711
958,800
1173,1661
1896,40
59,1112
1486,717
2028,235
842,1262
1083,1187
59,1526
2130,181
1661,2093
2110,1247
2291,1845
2161,347
404,750
1964,1473
1866,2163
2212,1155
1979,1903
1396,497
806,1355
1663,1760
613,260
1805,28
653,717
1906,2102
1175,410
271,797
1373,260
69,2266
1593,376
725,964
1072,791
1106,1400
1281,1391
1733,436
1499,898
81,744
1065,410
855,1179
1291,1901
1646,443
1296,834
1207,1179
1716,377
720,872
2108,838
965,931
1179,2097
1225,1605
1517,503
883,2126
1296,583
1673,1829
1355,443
2196,2215
526,1112
2074,929
444,1859
249,1881
1545,1708
2158,800
2055,1215
1472,209
1669,518
1734,1991
2053,1179
1716,448
1413,1951
695,1633
354,639
2212,2033
982,1391
2110,1421
1784,2238
1892,260
522,447
2122,717
494,1646
2163,61
144,986
210,933
614,1794
852,117
1530,1419
343,931
991,1079
1000,59
1212,17
964,59
2041,1112
1709,2231
180,1985
1215,2247
1670,1927
665,1208
700,489
1468,2218
529,1078
1866,1301
482,2240
2108,696
2087,1067
1859,1469
1901,1291
2212,1923
1955,1374
1374,315
1734,2028
1419,964
1646,893
2126,1655
2163,2215
53,1711
1223,81
1378,1279
1582,1675
209,1538
1613,103
123,1167
1179,636
1211,796
929,429
1421,2110
411,635
716,1039
443,1646
1651,1573
40,1896
611,1975
1551,1859
239,802
435,61
429,929
209,260
1230,291
2232,410
1140,2050
1805,1184
910,1059
29,1860
2092,1602
2112,1179
292,1179
1488,847
744,1711
1296,1109
806,2212
1246,675
1447,1512
1827,1039
1093,2094
2301,2299
2033,1184
717,2212
1860,1650
765,1610
802,872
1406,789
1547,1975
443,1327
20,2215
1284,1764
917,1711
2286,2237
833,1256
1661,1906
1711,443
802,2186
209,1916
2247,2055
1589,2231
864,1590
1646,2036
2212,1872
2134,1655
960,747
376,1593
59,2212
1606,1187
2156,1390
493,1817
917,706
1526,59
648,2013
2212,1655
1160,1655
728,1664
1157,2121
545,1923
160,503
1613,737
1520,615
1827,2102
1465,1815
1231,2125
1308,481
1420,297
1691,872
1684,550
968,59
1016,518
1960,188
997,1112
2092,1655
2233,304
1350,548
466,1021
877,2268
578,987
1549,432
997,965
1964,1605
1866,518
1916,1179
1372,61
292,1681
2005,1610
728,2002
521,391
725,1205
421,1025
251,2150
286,828
1410,1132
1796,24
209,2244
1798,2212
2081,975
1321,2257
1740,872
2200,2239
1791,881
1955,1650
664,1832
2150,456
1593,376
1655,2134
1997,1842
688,1039
1711,1285
1661,2102
185,303
387,1802
1627,1661
485,1452
1859,1886
1242,1764
1198,696
254,1814
1171,1906
192,933
261,2088
1175,150
1511,933
1831,619
1246,278
540,1659
1471,929
550,1660
2218,1831
2218,1160
1404,2102
1526,2150
2013,648
1567,143
649,1652
457,650
2306,1718
1655,447
1948,1776
1663,1935
1620,459
1805,920
470,2110
881,933
908,1042
2102,1906
2306,1441
1646,1665
2097,1711
1355,1794
964,1788
121,271
879,428
1038,1074
1711,1285
1400,1212
1059,910
255,123
1291,1901
601,370
2299,2301
649,1406
2212,310
2212,1711
982,1573
1605,2257
1469,2156
824,710
1291,2212
493,17
1593,1295
2102,1404
2301,2299
502,1822
1187,1831
1390,1859
1711,2097
1714,703
1946,2011
2227,1124
872,1740
2206,1406
2159,1964
1916,1179
1734,2125
1683,1212
1279,2231
1706,2150
14,717
2108,696
2212,278
61,46
1300,1544
1160,2229
2215,1372
614,443
1062,173
388,1128
1923,343
335,1652
1860,2159
862,1071
924,278
2206,1856
969,237
1260,1276
139,2259
2231,2212
1473,1605
2212,717
61,443
800,440
1510,1364
1257,1827
1664,1179
1037,2259
367,2286
557,838
40,1896
400,343
1755,443
2126,2212
1447,2106
1827,2124
1051,355
1074,1801
419,1557
804,789
1641,1620
343,2212
293,303
355,1051
243,1766
1202,601
2126,1246
2237,2286
1334,314
507,696
1083,1187
703,1418
2103,1254
2212,964
1866,965
1711,2212
1813,579
1171,1157
512,879
281,79
435,2001
1511,2250
400,2008
1372,278
929,429
323,2163
170,1301
2145,965
1695,1074
1482,916
1082,565
210,933
25,1909
2197,1711
13,548
1555,1922
617,391
2306,278
2228,103
1486,1985
1711,744
1515,1460
107,185
262,1903
1179,454
1023,548
484,1021
647,2012
735,2187
527,346
1660,2093
1136,1255
520,76
323,1831
19,891
806,2212
1991,2125
987,578
1866,12
1165,1147
1511,210
1998,1391
526,2215
1979,136
1387,458
933,1179
1755,1058
1641,8
1805,343
2098,1985
685,2082
2306,2033
1235,1120
1064,2009
1418,2215
520,1074
884,2078
348,59
2046,2150
1627,550
744,1711
832,1400
1280,1651
2177,22
1415,17
277,2250
1496,2169
2279,1526
447,2212
1740,1752
973,264
30,545
408,1593
1298,1660
811,1985
2212,717
10,1605
843,1452
1716,1659
460,207
1827,1074
867,1184
1383,1112
1515,534
2159,209
1600,870
1883,2102
796,118
336,1157
332,1964
1819,1471
1478,264
1805,703
1218,1105
845,1946
444,2246
1046,1179
1838,1356
1212,332
1136,2001
1193,1039
881,503
1606,1831
986,892
1066,870
646,82
144,1179
1184,2033
1702,796
2091,1506
1664,209
347,1133
2132,473
1965,1788
1572,1977
1110,725
255,123
968,59
1175,570
1481,1187
796,1827
1130,185
114,1179
1039,1923
156,838
2098,1039
1866,61
1682,1660
2212,971
1829,1673
1615,545
522,181
1651,1573
219,443
1667,1633
635,1410
302,14
503,7
610,800
85,800
270,548
503,160
2159,1390
1775,58
87,270
498,2229
948,704
2022,1664
1721,749
550,1827
294,1336
2151,1400
1964,332
633,632
1022,150
561,1479
1801,2212
1923,1039
466,1021
612,343
2213,413
1296,2212
529,1419
1591,954
2013,1151
185,303
371,2243
741,2187
2091,924
842,1772
271,121
1991,2125
2244,892
177,856
2259,612
17,1397
2259,717
613,17
1211,796
1061,1391
585,828
64,314
1860,517
2048,319
1590,309
59,12
838,150
2280,377
1554,2215
610,2056
1404,2102
2125,1734
399,1803
2163,1418
1133,933
572,931
107,2207
1552,260
1631,1215
1822,881
370,599
1832,260
1511,1822
1465,1404
1599,315
447,706
2091,1372
440,716
24,2033
1078,725
581,1591
2206,1406
2189,209
1492,129
1866,1039
1525,480
883,181
1935,497
2126,2212
319,728
435,2215
1332,1338
1378,1001
863,284
57,649
326,224
2212,1000
371,834
931,572
1604,1327
457,518
1419,1418
1665,1646
2212,2266
757,1508
1468,619
1181,1021
115,1762
1851,1069
684,592
612,443
574,1397
1716,377
1179,716
636,260
2218,1718
343,2266
2159,1212
1664,1179
1602,2259
281,1522
572,343
1001,2231
611,965
153,473
442,1168
53,1301
1676,2295
1157,1906
216,260
1981,2212
837,412
457,1246
917,148
226,2301
1868,1740
1045,2263
258,1139
377,1659
716,2250
1894,2240
1864,2306
1593,2104
681,1410
830,509
649,57
1609,1184
1304,2159
2087,20
1703,1179
2145,965
1833,1074
437,1390
1369,488
538,870
1305,1625
298,503
493,1817
2099,360
1514,838
1315,1179
2122,893
802,1108
1185,793
820,2069
969,1518
334,209
1655,1602
749,1721
1510,834
620,1950
545,1039
1276,503
1753,143
1269,343
297,1082
1977,1633
418,683
118,2207
347,881
1343,682
2187,1139
654,889
350,965
1655,1160
1386,1116
1830,664
1646,61
1374,2212
1419,1788
2306,2212
2212,1946
925,988
78,710
808,1950
1047,1129
1618,2115
280,657
892,462
291,1230
834,714
2306,770
1646,2215
117,1246
589,1663
472,20
1122,1804
1155,124
489,539
1965,717
1923,59
1985,684
1962,1400
1465,1815
1961,8
1092,1283
507,838
1198,314
1511,1856
38,89
1917,592
1372,703
1179,649
613,1406
1873,965
717,592
1133,881
2116,544
384,270
1193,1923
1973,2124
613,2212
1830,213
208,1620
57,1822
176,1711
872,2186
986,2244
820,2159
200,429
1827,1652
550,1827
343,1946
2102,1684
1133,1327
2097,146
1964,332
1355,893
264,314
151,1652
2122,1665
1906,550
1923,46
229,2110
1583,337
1404,1503
716,760
2212,12
2124,657
1021,2002
81,2191
809,917
1661,1157
612,2259
2056,2093
57,1620
224,1179
1249,1372
1179,800
678,1655
1084,1380
295,2034
2212,60
2215,1888
1527,1223
1514,918
965,1985
40,391
1051,965
1985,684
1518,969
1447,789
1398,2152
1179,209
1121,2185
2159,1400
630,1711
2212,443
2011,1039
117,1327
735,2187
370,570
1834,1625
1633,1469
1789,934
1801,2212
1740,1336
2159,1267
139,2212
1779,503
2238,1916
2306,2033
717,518
513,363
168,284
1711,917
1246,1655
2190,1500
77,588
1583,1390
2218,59
45,1637
1522,1859
717,893
14,725
61,964
1327,289
1628,2103
964,46
1514,838
2169,601
376,1295
710,2212
280,2156
1082,920
924,1039
1827,98
1309,2125
1706,1885
1655,678
1280,1651
789,365
1096,1267
1701,347
2197,1179
1784,209
117,2008
1157,1827
997,619
730,1139
1806,1181
175,1327
469,378
458,1620
1291,1711
1207,1179
2232,918
343,931
780,1824
1061,1651
139,1355
649,2250
2122,893
1246,518
457,518
2163,2215
852,117
1279,346
570,1514
1658,749
1962,332
1465,1503
1962,213
917,706
773,1079
1179,1711
1128,1510
795,1093
1831,965
938,110
1660,2056
2028,2168
638,712
1554,1888
845,1946
1268,2277
200,2184
717,447
1161,1652
936,2157
423,1451
2293,1058
2187,741
1418,1718
534,1093
614,443
454,1822
1798,1985
1797,2047
1529,12
1511,1652
65,1826
1039,20
56,1636
2284,1226
2211,1179
526,302
1149,965
8,1822
1515,543
1157,2121
2099,360
1049,1886
1511,1822
1657,454
653,343
756,1863
2006,1166
1545,1708
1511,1093
579,1813
947,2001
1517,881
1465,1157
623,1179
2134,1718
796,1660
1269,343
255,123
134,1039
1522,1859
1785,2250
1658,1721
1827,1906
1517,1822
2143,1226
1898,703
1554,1655
1796,73
883,1074
1548,1355
1475,241
175,657
1866,61
719,1468
1039,545
2244,260
2166,22
2132,473
1032,72
239,802
2206,1856
1917,59
1049,2286
458,1620
219,343
2242,185
1179,634
1635,1179
1500,2190
1010,270
1544,1300
892,462
1502,1179
364,1179
1419,964
213,728
61,1788
507,601
1055,2215
581,902
970,497
451,574
1906,1827
1185,793
138,1659
1923,1419
1949,2150
397,31
1656,1353
679,924
2102,1684
1410,2000
333,2212
1091,1754
443,1660
2200,2239
2001,965
206,1853
1578,2108
1805,61
548,1903
744,1846
1516,1712
1305,1397
2171,739
720,128
426,563
61,964
1406,800
1269,931
2058,1886
79,281
2266,1417
61,612
1189,965
1794,1378
1946,2011
1374,315
823,1260
647,2012
1418,346
963,314
1818,1594
1400,1069
1650,2058
817,1824
1242,1764
2237,2286
2300,1557
1497,1131
1856,2206
1642,476
321,2138
2139,1469
1657,454
1374,1336
1061,1280
994,1557
293,796
1946,2212
1663,1935
1993,24
1564,617
343,710
462,1679
372,1400
1171,2102
62,2300
417,955
1351,355
791,1072
1171,1660
613,872
399,1568
346,2231
1773,518
457,650
2110,2060
1,528
2134,2150
2269,2207
1805,701
513,391
1774,1776
1565,716
811,1618
623,1336
1223,2254
1510,714
760,716
965,947
517,1860
516,1016
687,728
522,2186
348,2266
1601,548
2110,2210
716,1039
933,1179
108,1801
789,1179
2294,1078
1790,347
1177,1406
1516,838
806,443
1518,969
1039,1660
2212,1039
435,1000
1885,1160
730,343
2011,1039
455,587
1114,1916
1513,1366
2141,1977
1234,789
61,1184
260,1679
1494,332
1773,2212
653,1923
266,22
738,1711
209,892
1003,1116
435,2196
1660,550
1410,19
1437,1526
2084,1827
1682,2121
1298,1215
2017,1711
2173,442
1140,1303
923,2093
1667,1400
1953,800
1332,2215
1070,1294
358,1652
204,800
649,2206
1051,1831
1605,1473
1276,1260
2255,1179
1384,1827
1418,1419
434,1399
2206,2250
1504,1822
125,440
163,657
2196,2215
2218,1187
434,1179
320,1922
1822,2206
1079,2130
1515,1179
1574,1121
599,918
866,32
108,1801
1494,332
2206,192
2150,2008
694,1447
513,391
117,1327
2206,1652
820,1212
2239,1827
1955,1267
1866,2306
1977,1633
804,539
95,1718
872,1827
912,1831
1046,1179
1565,716
1260,503
454,1652
1620,210
1418,612
484,466
293,185
58,1711
504,1480
317,346
1106,209
1539,1068
627,911
175,2250
319,728
978,1179
1311,614
734,1652
1539,1859
1418,965
498,1160
1628,578
776,787
370,410
652,1157
2259,717
1600,870
417,85
763,917
1616,662
664,1859
62,2300
1008,2212
1469,1832
1805,278
1822,881
1167,2202
260,1679
924,1510
2206,2250
955,85
2220,834
2159,1390
2133,1670
586,1788
1372,2215
1646,61
1591,2019
2259,1327
208,649
1104,1950
1187,2163
1223,2206
1140,573
612,443
2126,457
2075,1331
2206,1223
1912,497
757,1508
368,1179
1418,965
1660,2056
982,1573
1387,2250
912,1831
1834,1625
1503,2121
1177,85
989,2097
2212,60
1390,209
443,2215
1822,800
2307,1112
1000,2212
1039,2011
2232,599
872,1074
1407,1121
1887,619
277,2250
2254,1179
2246,747
1418,346
706,917
612,343
59,343
988,713
1642,476
2127,96
1447,2106
2148,910
1082,2231
1074,1267
1827,2121
566,209
343,59
529,46
61,529
1468,2218
658,2110
1721,749
1039,1112
255,1817
1082,565
1555,1922
636,1179
139,278
617,391
2187,735
1806,664
2097,1681
117,1355
1223,1406
85,657
545,1302
59,1302
1240,164
1860,517
1410,1132
260,1538
1464,2065
634,1822
1800,1637
457,447
1602,456
1939,1410
1794,1327
1885,1706
1468,562
1914,1164
619,14
1079,2130
1754,1652
1711,124
545,1195
1923,59
1845,1016
280,2212
1827,2056
759,1812
2280,493
643,1656
1567,2051
1279,1001
611,1975
529,1419
1078,1788
443,1794
1503,1404
2108,918
1655,1718
2212,2306
1660,1661
735,1112
789,1179
1212,17
754,1132
1179,1856
2159,832
17,1410
2306,24
112,2251
1072,791
1246,1602
1157,1660
1469,2257
1946,545
377,255
872,306
67,841
1551,1859
2102,1660
2231,1589
2152,373
1646,2259
1301,1017
725,1205
2126,1971
1102,31
1711,539
212,1154
384,270
987,1427
1345,399
46,1419
61,893
1209,717
346,1001
1364,1510
1184,24
2010,1768
415,2212
391,363
1805,117
61,1788
1215,1660
1296,278
1410,17
799,1776
1468,2212
1917,1074
1187,1831
1214,833
1378,443
688,619
103,19
915,528
2038,2156
57,1652
611,1205
751,1210
418,476
1806,664
1773,1246
1955,337
1721,749
1832,260
2225,2019
962,872
912,59
701,1655
616,543
2250,657
1827,2102
1882,1569
1315,1756
1511,2206
397,31
61,2215
1782,657
761,1652
1613,737
1268,1033
1072,791
2150,1655
1027,347
503,1260
792,696
1822,1179
1923,260
820,728
377,255
1106,1400
1220,872
1646,1355
613,872
1516,410
2247,1660
725,1923
1173,1815
1179,1078
739,1875
1372,1888
545,1302
2102,1906
681,1374
717,893
14,2183
1296,139
331,442
1190,1179
517,1860
806,920
1661,923
1962,1400
966,60
1327,1460
2097,989
1630,1007
728,1664
333,1618
142,960
36,2078
1946,2011
725,302
1706,2212
1182,2172
1212,1633
435,1000
2021,547
1234,789
526,931
2195,2025
443,1665
2231,1001
1212,1390
952,2023
1703,649
1296,1301
1511,1004
1349,640
2180,1903
131,1752
85,789
1716,1659
211,1711
1510,82
1069,1400
2151,209
20,343
2169,570
1633,1473
371,1301
460,764
1099,828
2259,139
928,955
2097,744
379,872
1827,2056
2218,2163
1696,2218
1646,872
1469,1977
612,2259
1374,1038
937,1021
2159,1977
1866,703
728,319
877,2268
183,1824
910,851
877,425
881,1336
1861,1235
17,1410
520,1074
957,209
884,1550
1561,1886
1827,872
372,832
1164,1914
474,1390
1784,225
638,1633
2046,2150
2239,1827
237,969
1112,1831
264,1514
1550,1374
1215,1660
729,1074
1535,2282
2280,255
1822,2250
134,796
370,410
1711,58
526,1556
1406,2250
103,1043
550,1906
1504,1179
518,1016
1714,701
2266,1985
2275,776
1415,2078
1418,1039
1964,2159
974,1831
635,2297
20,944
343,2055
1987,1025
219,1039
288,1510
1228,960
343,1985
227,1179
1097,1711
1515,2206
343,1655
170,1301
1356,1067
1585,965
570,838
965,612
1018,8
526,117
567,1605
1796,2033
2175,1932
1300,1544
2266,684
2224,388
1309,483
1367,611
2228,1410
20,965
1594,513
1246,457
1955,1977
1483,1417
2264,684
1171,1661
1866,612
1321,332
343,1946
1128,1510
1799,838
1866,1831
1827,696
1406,1179
1919,1046
175,2250
503,881
54,1212
1866,1327
1828,1642
240,881
1851,332
1658,749
1390,1859
85,789
1314,528
623,85
1818,1147
497,378
1149,947
1916,2238
2197,1711
1039,2212
1811,343
1620,210
631,1553
2070,497
1661,1660
1078,46
1612,1526
1780,1331
1223,744
1798,821
1021,1181
1641,1620
834,714
649,657
2237,2286
1602,2291
60,1128
1160,278
363,391
1161,2250
103,587
1179,209
2247,1827
1925,185
557,1514
730,2218
14,619
2197,1179
804,1093
1397,555
1607,1754
1418,612
1536,1885
1819,1845
36,1550
186,185
1711,2026
2250,1004
645,1179
1128,1301
863,275
331,2208
1327,2259
1511,1179
1213,987
1898,703
1097,917
1916,514
729,1801
109,1711
1591,902
2224,1128
2306,931
131,1345
1516,314
1009,967
2140,503
223,295
1503,1660
2150,1602
2105,52
2126,1160
1615,1039
2280,1716
1985,965
728,1473
2021,547
2136,2102
2143,1226
832,1400
290,1179
2206,192
653,343
314,838
2245,208
973,264
1268,1825
1930,1116
261,615
1419,1788
11,1336
2257,1469
1633,1977
1083,1788
1127,1556
321,2266
1744,1831
811,619
702,751
1160,518
1559,545
47,1147
1173,1827
1301,834
958,76
1301,2243
719,14
1661,923
1049,1886
1570,503
1228,209
1734,17
2134,2239
795,1822
69,1417
1280,1651
780,1824
917,2212
902,1591
227,140
1193,1985
545,1112
1734,480
828,287
630,1223
1646,1112
682,2016
1324,1016
1184,1718
1223,881
1051,1831
1418,1039
454,657
1764,1827
820,2156
2280,1716
760,440
2100,1179
898,1499
2001,1205
1964,2159
2215,1788
417,955
1390,1212
513,1594
1989,1831
125,8
1406,1822
804,1179
144,892
1501,725
768,1160
990,378
1898,61
837,1690
501,1740
978,2257
796,1660
530,1785
1637,1800
312,800
744,2097
1465,550
1827,2124
1418,2212
50,1320
1287,923
1734,480
1827,1684
1397,17
1241,52
271,1911
1084,1380
417,85
2251,112
2218,1074
1287,1404
1039,59
406,755
2241,1314
2052,1767
2186,872
1418,2008
1039,916
754,17
1006,255
260,892
1179,1756
566,260
550,1661
1397,209
1646,1327
1625,877
2163,1419
2259,893
599,918
1901,1291
1594,513
1822,800
907,273
1179,1711
2158,1652
1958,1190
976,173
408,1295
931,865
61,612
1223,744
2210,2110
1932,378
2122,1327
896,1460
2272,1179
85,1406
2091,1372
1745,1447
1065,570
2186,872
719,947
1419,1788
1326,1179
1074,1267
688,965
333,1000
2204,1510
1962,1633
2145,1112
1763,1082
881,503
2246,747
649,57
1095,2003
1648,185
467,1970
1606,1831
2306,2212
184,343
2212,2266
240,933
551,1327
520,2106
2015,1000
691,1276
2257,1977
2235,1732
156,1514
488,1210
362,1754
1297,1652
1594,513
333,2212
1623,1857
1658,1406
1296,2212
2091,61
1993,552
1179,1406
1682,1215
1189,965
2017,1460
1173,2121
1486,2212
144,872
1784,2238
235,1397
698,740
611,965
1838,964
1646,2215
1529,1801
1018,220
1301,1364
123,1167
1641,315
17,2168
1355,278
1369,1210
123,2202
1432,209
1625,877
2300,62
721,879
2029,800
1206,1137
1672,2260
1483,1417
1620,458
1215,1827
284,863
1703,57
191,1179
1157,1906
1679,462
2306,1184
1088,1686
1694,2122
1517,347
826,369
172,2203
503,1374
2212,684
2218,1074
151,1652
744,407
795,657
1966,2082
2163,1468
373,1170
889,1890
331,2208
538,870
1160,2259
2253,380
61,1831
817,1824
1019,890
1429,791
33,1406
2147,1178
48,1179
447,61
522,1471
1830,213
768,1039
1279,2231
1024,213
1805,2215
475,269
997,1831
2152,373
1906,2102
2281,1460
1827,1404
295,2034
2212,678
1746,2178
1961,8
1794,1327
1806,1832
1525,480
263,46
1912,497
1083,725
1044,1645
213,820
1671,2187
443,1355
1659,1716
107,209
343,545
1615,717
2231,1589
1985,965
1448,2039
391,617
293,682
795,1822
139,443
1378,346
1083,1082
1819,2291
767,692
1964,1212
186,185
1510,2220
1993,24
1793,1832
46,1419
862,1071
710,1179
370,601
1432,1633
717,650
1193,1039
372,1212
1175,570
2158,800
1923,343
1459,649
987,1427
1435,657
1832,209
1972,2068
1866,1655
487,636
725,1923
1822,1179
1511,800
892,986
2152,187
2219,2218
1834,1664
1711,234
505,1082
996,1336
1327,1355
1223,1406
1140,1952
2103,1254
85,933
1348,933
676,181
2132,153
343,545
250,1144
579,1813
1296,1301
1160,929
1734,2028
1372,2215
1107,1260
1940,789
701,1655
1711,634
520,1555
1501,684
664,1832
282,965
1955,992
624,2218
1423,443
1410,1328
1985,1618
1529,2212
929,717
259,1708
350,1831
1223,127
1796,24
1511,933
336,2102
54,332
2243,834
522,2055
48,1179
997,965
462,892
703,1418
1071,862
1161,1121
2169,370
612,1112
1160,2229
883,592
1706,1885
596,1273
61,725
19,1705
2299,2301
1093,1179
1404,2121
1494,1069
676,60
139,443
623,1179
2220,714
1378,1279
187,2152
1923,46
1020,1470
1296,1985
531,1226
2110,203
1184,61
1764,432
820,2205
1828,1642
1827,872
634,543
636,657
2280,255
1164,1914
1043,19
89,1068
1372,1888
2212,1000
1327,2259
728,319
1079,802
81,1290
253,2110
570,1514
1661,1815
1299,1374
1985,59
280,877
23,1916
2206,657
2158,2250
555,17
20,920
1655,2134
965,529
534,2094
1418,2037
1805,343
1039,1418
1082,2212
999,1621
872,1074
892,1538
2022,1664
1743,1711
1139,741
2306,1112
1754,657
2254,1711
704,948
1291,1132
606,1711
1089,1579
1160,346
2215,964
1336,1060
40,617
314,838
53,1364
579,1813
599,570
1039,545
335,2250
1943,2152
2156,281
2212,929
1815,1906
1511,1260
1001,1160
1621,999
1515,1179
1001,1378
1246,1160
150,1514
1824,1858
454,2191
302,725
1134,1478
1160,447
2200,2033
1179,260
1830,1832
1305,1021
933,2250
2092,1655
447,2291
1602,2212
1611,1537
664,1212
842,1498
2145,1378
2121,1404
1246,139
1034,853
730,1039
521,391
903,2104
1784,111
1432,1633
314,410
1390,1212
649,881
1593,1295
806,1039
540,1716
19,1613
1476,192
1326,1179
419,1557
2257,101
350,611
261,1179
1784,1916
1304,1740
965,93
443,2215
1146,431
1807,260
1511,1406
1354,2293
613,17
1296,1711
1212,1069
59,1526
1296,518
560,1128
1866,1051
109,1711
150,570
400,278
450,1124
810,209
1305,1816
1027,1133
988,713
1075,1660
1083,684
700,489
1793,2257
1468,456
673,2187
1866,893
259,1708
103,17
1021,1181
795,1179
1160,278
286,1179
314,410
592,717
550,1906
1504,458
1944,1154
1529,2266
213,728
1711,1179
1885,1160
43,2176
550,1661
1334,838
1136,1205
1866,1788
19,790
440,210
510,140
646,1301
371,587
1291,1100
1655,2259
1866,2008
1486,456
2285,1919
652,2121
1873,74
2229,2150
1820,1652
66,1187
349,2218
1178,2147
1866,1179
1934,185
2264,592
1815,1827
2253,1179
846,877
1602,2259
427,1569
474,1633
1068,209
2055,2247
2212,343
1128,60
2128,1470
1856,192
1830,664
200,356
343,710
736,72
1673,1829
716,760
1750,587
2159,1851
1014,712
2276,1074
1475,1129
487,636
902,1591
204,657
592,1468
855,707
1366,1513
1419,965
1866,456
1633,1977
1106,1390
376,1593
1539,1152
695,213
216,260
1422,777
497,1912
820,332
440,657
569,1579
1827,1906
1815,1660
2044,244
1290,81
2220,2157
2218,2212
2000,612
448,493
457,2212
270,548
1964,1400
2215,725
150,838
319,2260
2162,2266
1714,61
1711,124
1774,1776
919,1652
443,1794
1805,1372
1650,2058
1774,391
1179,209
1580,699
717,2259
2113,1039
2074,929
529,1788
2212,1711
761,657
1121,1754
2182,1584
2212,2115
1339,881
2097,231
2182,1859
680,1584
417,955
350,611
2084,1652
958,800
701,1805
1228,209
61,1419
522,447
162,1141
1818,1594
145,81
1070,789
235,2199
1280,1391
219,443
1436,1375
933,192
974,1831
1223,2250
10,260
1415,384
1794,1717
1046,209
738,1711
1661,550
1327,614
2225,954
558,548
1866,278
917,2212
1179,2176
107,2207
2153,1816
2151,1832
1402,1251
2071,800
2238,1916
1351,1051
852,1184
2273,260
2159,832
1223,1822
996,1336
835,85
1817,255
1266,1832
649,881
1372,703
798,987
1633,1469
287,436
532,61
1340,1336
1478,1514
2261,1822
2306,1112
852,2183
1073,468
30,2212
659,1827
1915,1633
2213,1886
646,1726
804,1179
2218,2183
1646,2036
626,1922
1021,466
1223,192
2212,1155
624,2218
619,1831
1597,692
649,1652
1116,1406
1179,1460
1906,550
2149,85
2084,1827
1150,2034
1161,2185
2226,1419
1443,1766
719,619
1161,1327
1224,503
652,1827
268,1084
1406,1652
1179,744
171,2150
1827,126
717,2212
2218,1112
1085,1378
1878,1406
1123,260
16,2123
292,1822
2083,2163
1822,636
1079,802
371,1510
612,1112
728,319
1197,378
529,61
540,1716
725,1888
804,657
649,1822
1271,1916
1947,40
333,2215
1355,1794
38,89
36,1550
1184,1589
552,73
449,746
522,518
2212,893
2091,343
358,657
37,1827
716,8
607,796
623,1406
792,115
803,1633
14,1831
611,2303
1064,124
1503,1404
2131,303
695,2257
575,185
377,255
607,796
964,684
1203,870
729,965
350,1039
2017,417
1291,1153
956,800
1759,150
2163,2215
592,717
1556,1788
1613,103
2071,800
558,548
61,130
1517,1133
592,650
965,1039
2206,1374
659,1827
402,1147
1962,213
818,187
747,2246
1458,1884
1310,1179
457,148
555,1397
1890,889
1061,1651
2051,1382
498,1160
965,2266
1993,2306
341,1314
1173,2121
914,1827
872,802
1179,933
2218,1187
343,916
1678,61
1734,235
1655,457
2097,81
2212,59
1764,432
51,1569
1149,947
1091,657
2220,714
1246,1655
2011,965
1406,800
462,2244
2159,1964
2028,235
1711,917
1327,289
1866,1985
1226,1451
2001,61
526,1788
883,59
264,1514
1475,1047
1000,2212
201,791
650,518
1036,2108
454,2191
1649,777
695,1473
118,2207
1175,410
1668,1507
1759,150
348,2266
2102,1660
292,1179
1511,716
972,1452
834,1510
391,1776
1708,1493
1668,2016
2243,714
87,2034
1514,918
1667,1400
819,1185
461,1669
343,1039
1102,1068
1482,2138
2097,989
1711,967
2201,547
2212,2126
257,2024
1096,992
2306,1125
1305,1068
1806,466
2276,2124
2113,1039
935,933
681,2078
184,1277
912,684
530,1555
283,2159
1471,2186
1945,260
1291,1132
1034,181
1397,209
85,2250
145,81
2017,454
1711,124
125,716
454,1711
1160,1602
1177,1327
1309,2125
1711,17
1132,17
1231,497
1564,1896
1301,542
1511,2191
1039,802
652,2102
2285,1919
1066,933
457,1655
346,181
2200,1589
117,1160
37,1660
89,1068
1646,1665
1475,1047
1950,620
610,1827
2253,1179
2110,2258
150,410
1130,303
1110,1985
268,1084
702,488
1415,384
1806,664
1822,933
486,1300
2252,1366
1246,1602
1923,260
534,1093
1513,1218
1866,1179
1664,1179
1866,1112
1179,1586
1733,705
1296,714
997,14
1946,545
2160,1226
2054,2270
1701,347
818,1741
719,619
836,260
1419,1139
477,965
180,2138
1231,1273
441,800
954,1591
903,2104
2177,1385
242,802
912,684
1454,1847
2190,1500
1483,727
1646,278
1366,1218
1515,2206
2267,881
1039,1923
1400,2159
393,1039
1246,1602
820,1723
1798,821
2084,657
2250,933
1164,1914
1713,657
578,1464
2307,343
453,1827
1269,2266
892,209
159,1652
258,1139
477,1112
34,1431
660,1094
1711,1895
87,548
1635,1179
1086,800
1041,2030
1887,965
1755,1495
522,1469
2212,2259
2125,2168
964,59
795,57
1856,2206
2208,442
1529,59
1646,2259
1336,1060
1819,2212
1201,2301
1515,534
2087,20
1291,1132
1906,1660
1818,363
2141,1977
827,2295
1081,2292
2299,2301
1660,550
774,1179
1620,1681
1469,1266
50,1199
1667,420
497,378
807,1169
29,1860
718,1714
2191,81
1830,1605
1079,1471
823,1260
2134,457
526,1888
2232,2169
302,725
487,2185
2307,2218
1327,657
1447,76
435,61
695,1633
1212,1964
144,2199
744,2097
1481,1831
212,1154
639,354
364,1179
1055,1888
347,881
717,443
1661,1906
1684,1827
343,572
1953,1431
1473,1605
477,619
1086,657
1722,447
2046,2212
1197,1935
1680,495
1866,2231
1892,260
228,81
1179,8
1241,2105
1070,1711
1198,410
2078,1742
2151,1977
608,438
1967,2220
518,2126
1290,81
522,872
1554,710
1591,581
1706,1885
1082,297
1406,1179
1477,297
557,1514
978,2002
439,1907
118,185
928,955
102,1524
503,1374
1684,1660
357,205
457,447
1807,2156
1822,192
2250,210
1508,757
1201,2299
646,2243
1795,1788
1660,1827
1332,1184
730,1985
934,1789
2198,1678
365,1406
1724,185
928,85
2305,796
2011,965
653,2212
469,378
1638,788
1711,1327
1068,209
313,778
1257,1906
1916,209
156,1514
351,2266
1866,447
96,2127
958,1406
1713,1754
66,1187
872,1827
691,1276
682,185
513,1594
855,547
1357,1937
1824,528
1223,675
150,1712
1418,703
1650,2156
1782,800
1198,696
512,879
2288,1985
1638,1610
271,880
1301,1510
271,1317
2250,933
1119,483
545,343
2257,1212
2134,964
40,391
774,2250
1866,2306
1950,1192
991,872
365,789
1781,840
22,71
1787,2124
480,2125
2306,1699
592,717
2212,964
1160,929
2134,2150
2239,2218
103,17
150,410
1851,1400
1711,81
684,59
1246,1067
1985,619
2229,346
979,877
2257,2270
1520,615
487,2185
522,1471
389,2206
1179,716
1685,260
85,881
2076,81
1602,518
1225,1977
1812,759
53,1166
1585,2011
804,1004
1860,2159
619,965
2212,1946
333,1000
2294,924
720,802
1378,443
1711,744
1418,61
209,1397
1866,59
1501,181
2152,373
1372,1050
1923,611
614,1327
2257,2270
1301,82
1220,2186
1529,1074
1734,2125
2215,703
1511,696
1873,74
710,1711
1950,808
1702,185
550,1157
832,1212
820,2191
717,2259
1156,987
1529,2218
1190,1928
2182,1859
1836,1074
92,1469
2208,1168
2075,1331
728,1212
1223,1179
1038,1374
1478,1514
1478,314
1069,1212
1822,2206
347,1336
1827,1157
733,2271
1128,1510
2134,2239
417,1460
2125,483
1871,1931
1661,126
1711,1223
1834,1664
1805,2212
1633,1266
1245,404
1082,343
391,1776
2236,1729
101,1267
1291,1153
924,518
1827,2093
1144,2291
805,1916
2291,447
1466,1848
716,1259
443,1717
1301,1166
302,1078
1573,982
2078,2218
1666,605
2250,1652
482,1569
2078,1374
1021,2058
309,1590
1843,894
1851,1633
1620,1681
1805,1184
1246,2212
1297,1179
1782,2124
298,2123
526,931
150,570
990,497
260,2244
1817,255
471,1316
182,856
1120,1235
415,964
646,1510
1711,2076
922,621
1223,1822
1798,2212
1486,1000
977,1116
410,314
1070,1735
716,1179
1271,1916
716,1259
1827,1661
20,545
507,696
1511,2250
2216,1903
1510,834
504,619
1418,1788
140,1179
432,1764
1018,716
2212,518
2215,725
123,1167
415,2212
2226,1419
484,1021
607,185
400,924
1641,716
1419,61
2231,1589
1366,1105
1271,1021
1039,2163
1813,579
1764,1827
1914,1164
1437,2212
1528,2266
800,1004
5,1859
789,1406
14,302
1223,176
2192,158
305,260
681,236
10,260
2159,2257
2091,343
1859,1633
1129,1047
440,210
443,1646
1179,1856
61,28
1301,714
725,2163
1153,1291
19,2280
199,1831
1711,17
1896,707
1358,1983
1039,2163
1985,920
2229,2150
1860,1400
1006,493
1753,874
856,1179
2247,1215
343,2055
44,1488
929,717
529,1831
529,703
153,2132
2108,838
1301,1629
1128,1301
1591,902
965,612
1465,1404
725,964
2206,933
2306,1888
1936,1121
1179,649
1287,1404
1296,714
352,775
852,278
260,1538
687,728
1576,1908
232,2034
553,1267
1784,2168
451,574
2253,211
522,1179
991,1196
1631,1215
679,60
719,717
956,800
1039,2293
1179,2124
633,632
2266,343
1236,1418
1161,2250
93,94
2280,493
886,22
1400,1212
261,615
1331,2075
2131,303
151,657
1794,1355
2206,1223
622,2158
964,1888
744,146
244,842
1661,1815
773,1740
2209,2168
81,2191
314,838
1098,1301
53,1364
474,1390
336,2102
1482,214
756,2150
691,503
1511,1711
1070,1179
1819,1471
2136,2102
2017,1711
522,1711
1660,1684
1223,407
144,582
206,1853
664,574
1646,443
1771,1289
1605,113
150,838
1860,2159
1711,2191
997,1788
526,46
2245,208
2061,2291
1835,1506
1343,682
1020,2025
257,2024
2174,61
1297,800
859,391
1494,1633
1975,611
820,213
2241,1314
2104,1006
1102,1181
448,493
396,428
408,1593
2207,185
273,1982
336,1906
592,1468
1874,1829
449,1179
1827,1404
2212,181
646,1301
1410,103
1917,181
2171,1875
798,987
1083,1039
1805,2212
1661,1157
343,1725
142,960
820,2159
2115,1655
1121,1754
1554,61
180,343
1866,117
730,1139
1511,601
820,2156
574,1397
1903,548
288,834
558,270
613,1179
1415,17
1620,57
1087,965
1097,2212
1223,1179
1750,587
333,2215
694,503
2110,229
1499,1921
1082,2231
1644,15
1394,764
1074,181
180,59
1827,2093
1096,209
1947,40
768,1039
1819,1144
1039,20
987,1427
506,1133
1782,1827
1244,2093
1955,1860
1622,547
1529,12
1548,1355
881,347
204,800
323,2163
17,1132
59,181
2065,1464
695,213
1773,1246
2122,443
2102,2124
1529,59
1819,612
964,181
828,287
1256,1214
2218,1831
285,1424
2139,1212
2043,212
421,1025
725,302
1327,1112
1682,1404
116,255
1694,2122
14,1923
518,1324
758,1179
490,917
1965,14
398,696
2215,2163
8,1822
1805,1179
723,188
143,1325
384,17
1402,2066
1065,838
115,1406
834,17
2225,954
561,2218
1514,570
208,1620
50,816
1866,1246
2228,103
1812,1841
819,1185
845,1831
529,1078
227,744
1866,920
2084,2089
30,2008
1342,911
667,2168
85,1652
2276,657
2239,2212
1696,2218
1914,1164
2306,1718
1819,518
1711,231
2096,2270
1418,1788
1468,2266
730,318
2124,1117
912,964
198,1116
2212,703
2151,1859
1471,929
503,76
1794,1646
296,1336
1110,1985
649,1406
702,488
604,1661
518,457
85,881
610,800
2212,1327
1304,2257
81,407
2245,1620
185,682
792,314
1437,2212
2158,2250
1187,2163
1469,1977
1410,1613
417,1460
526,117
1232,619
2094,1179
1805,701
59,1985
57,543
924,710
1179,454
1214,1256
518,1016
2060,2110
2191,231
1001,1378
169,61
592,684
2212,139
2212,965
1512,1447
1794,1355
965,20
701,1655
297,1082
19,737
19,17
1212,1400
1669,518
447,1602
1952,1140
1256,1214
1124,503
649,1856
1734,483
1235,1120
454,1327
1469,385
1906,2102
1505,518
731,894
1537,1449
924,53
1740,2257
1827,1815
2185,1121
1093,1179
555,1397
2266,343
1519,2124
211,1137
14,2183
2150,1655
1897,1209
2212,518
2208,442
1506,2001
338,1246
1846,744
40,2117
447,706
1568,399
2257,1212
1705,19
1320,1199
2102,1827
587,2297
1419,703
20,916
118,185
931,572
1655,456
1898,2008
1160,447
573,1140
19,637
1129,1047
1063,1318
1179,933
1978,712
1173,1827
457,1655
860,872
1985,619
872,1267
1822,881
274,2181
2006,1301
758,1460
1513,1105
2163,1831
2122,1468
321,343
370,410
75,838
638,1633
1511,543
1866,1711
2097,744
965,619
1367,2303
138,540
1223,881
1916,2086
1925,796
1830,1832
1517,933
735,1160
1181,1021
1237,1507
1515,749
2245,57
505,1082
163,1652
2290,85
1684,1661
2264,562
2216,548
1646,1112
1055,2215
480,2125
1539,89
813,185
1457,1761
2202,123
806,2306
618,2082
1501,1236
890,2009
279,431
1954,1074
1665,1646
716,220
2305,185
242,1374
652,2102
2212,1946
1234,1179
1358,1983
1185,1518
22,71
490,917
684,2183
1894,375
138,1716
1682,1827
336,1660
1696,60
1548,614
2032,2031
1025,2183
1798,1655
1097,917
343,1711
959,2168
2306,46
629,1995
1546,916
1504,543
1039,2183
2087,1039
2250,459
1549,1764
260,1679
717,592
1515,1093
54,1212
977,1116
1627,1827
1851,2159
2136,1157
54,1964
806,443
2125,1734
791,1072
1564,1896
1083,1039
59,1923
854,747
717,59
695,1832
321,2266
219,893
2102,2124
1815,1503
57,543
201,1072
343,965
1222,1039
725,46
2234,657
156,264
1173,1404
1330,295
789,1711
1056,1168
2155,2082
1643,241
1805,701
1035,1121
1223,1663
1574,151
684,1831
1020,1470
1822,933
811,1618
595,2246
1387,933
209,1664
2280,377
1607,1754
298,503
1618,2115
1733,1179
175,1652
209,260
1402,1252
2150,1706
570,838
962,869
1511,1620
2159,1212
494,1646
2276,2124
1516,838
310,1291
1609,1184
872,1079
529,703
1855,1449
1027,933
1003,1116
539,489
1711,58
1135,1128
1829,1176
1356,1067
17,1410
2018,1016
1930,1116
1453,1179
402,1147
1784,1916
513,1594
2211,330
1435,1652
2253,744
2306,703
1002,800
2215,61
729,1074
522,2088
2307,214
139,2212
69,2266
913,861
1001,1160
653,920
872,1074
1866,1692
2111,696
1018,8
1608,1313
1655,1246
493,17
696,2108
1667,1633
834,17
1008,2215
1510,714
526,1556
1232,1873
2212,447
2212,457
2024,1598
178,2124
2125,480
723,1960
1896,40
1655,2231
343,968
1697,7
1070,1460
1309,324
139,1246
1866,1160
1266,260
2169,370
1981,2212
454,534
1561,1886
1782,1827
2151,209
30,456
1510,1017
2252,1366
2212,60
2287,18
974,1074
81,1290
570,2169
1225,1977
183,1824
1070,1093
59,2266
1074,1079
2229,2212
1859,1806
1872,1160
242,1827
872,2130
1167,2202
1047,1129
912,1000
2091,710
2212,2033
2266,1417
1434,1447
1794,443
443,1327
2232,599
448,540
457,2212
800,440
2243,1301
199,1831
1609,2215
49,861
945,1808
139,2259
1601,548
2231,2212
1296,343
1355,614
1554,703
447,706
1484,136
1698,1195
1278,1557
2264,684
2187,1139
1177,1327
1819,1162
2212,1246
1610,788
1215,2055
534,1179
609,801
1021,466
179,76
1459,1822
2159,1400
1272,185
2102,1827
1459,649
1511,901
550,1661
2242,796
2091,2212
471,877
1975,611
2297,587
547,2021
324,1992
860,872
1798,1655
1179,1223
1711,1765
2206,1822
117,1355
526,1831
271,1913
2013,648
652,1404
1214,1256
1564,391
192,933
1684,1661
598,1916
2266,727
401,1117
529,619
1655,1160
117,139
450,1124
1468,684
1079,1074
1859,1551
213,728
1223,146
1851,332
1661,2056
821,2278
713,988
2138,2231
542,1301
1370,840
391,40
2257,1977
716,1652
717,964
443,2215
1655,2150
2055,2247
61,1419
1301,278
965,93
965,2011
1933,894
2163,1831
1605,1473
1859,1469
115,1406
1008,2215
1711,649
1822,2206
1646,15
1682,1215
1646,1788
131,872
323,1831
1468,2266
1229,1273
1946,752
1691,872
1179,1093
2046,2212
57,1822
925,988
200,356
1179,1711
363,617
2017,1179
391,1776
518,2126
209,1068
355,1051
1202,601
1860,1400
2261,1822
61,1112
905,2250
1774,391
1374,503
1602,1655
1785,2250
1191,1179
910,1929
644,61
1387,933
2122,1355
1096,1390
264,1478
1374,1550
2215,1067
1197,378
1659,116
1161,2185
795,1093
1435,2250
343,61
2092,1160
2006,248
1445,711
1503,2093
902,581
1573,1280
292,1879
447,1602
1511,534
2149,85
1358,299
1818,363
1522,1859
829,1822
1517,1822
1253,824
2296,1358
1410,1112
1515,1827
1047,1129
1459,2191
1955,1069
1223,128
208,649
61,1418
1655,1246
2257,1633
2253,856
2125,483
331,442
720,181
1955,1400
447,181
201,791
1831,619
2290,85
716,440
1659,540
1788,2163
1383,1039
541,211
2016,1668
2280,1659
1468,2212
379,1827
1472,1179
1116,1406
1563,185
1018,440
1515,789
296,1336
974,684
1296,1510
1315,1756
681,2156
1102,31
522,1074
1281,1651
59,717
2042,2207
1296,1039
1503,1404
400,139
863,284
1664,2022
1850,1995
1851,1069
1822,657
454,1074
1319,1827
1827,1074
1873,965
302,14
965,2011
1223,2191
1851,1400
1861,1235
116,255
2218,1718
1815,1906
1475,1909
2215,2183
186,303
1504,1179
261,1179
384,917
610,2056
1291,649
1078,1112
1161,85
619,2183
795,1406
831,2186
379,872
1296,1898
1274,1133
2137,61
61,1001
958,76
1212,1400
2134,1655
520,1447
992,1390
749,1721
454,1179
2102,1404
1130,303
1184,2306
1054,1451
1591,902
5,413
2248,1543
379,1754
1151,2013
1387,210
1161,636
1478,314
1510,53
1002,1652
2126,457
132,1410
1177,1652
2103,1509
371,492
1459,749
1257,1906
1694,614
1332,61
1069,1212
1111,155
61,2036
415,2259
676,60
804,210
447,1246
1305,1397
2212,2008
1860,1390
346,1160
1121,2185
2080,1806
2163,1418
534,2094
2033,1184
1279,1001
2068,2124
585,1493
372,1400
519,1327
1501,684
1822,192
1055,686
2234,1005
1406,2250
1144,2291
1836,1074
1946,343
1862,185
209,1397
549,916
968,1302
1388,1569
2215,1067
1212,332
1602,1646
2132,153
2212,1374
419,1152
14,1078
2056,2093
1794,893
377,1716
300,2300
681,1410
444,2246
1447,1512
526,2183
1055,302
926,1827
1039,1660
389,343
1663,1636
572,920
232,1826
14,717
498,2229
838,570
1838,59
120,1686
744,1179
2185,1121
1469,385
1866,1888
2126,456
653,2212
1980,1826
835,2068
2124,800
474,1212
804,2250
795,1652
614,1717
1878,657
1073,206
1449,1537
1859,1522
250,1144
180,1139
2307,1718
457,2126
970,497
1055,1788
1120,1235
210,1822
1133,933
1585,947
1633,1266
454,1711
1807,2156
1866,1327
64,314
239,2130
378,497
1931,1871
1096,1212
1866,1039
1757,2150
612,2259
992,1860
694,1074
486,1233
1824,1858
1784,2086
635,1410
40,617
503,1447
2212,2150
964,46
362,1652
1746,2273
1246,2212
1500,1900
717,1000
1756,1179
211,1137
1860,1650
2125,2028
1794,1378
1410,737
973,1514
1875,2251
518,1016
1740,1267
1082,214
1661,2247
1097,706
1503,2093
2131,185
1585,2011
829,1822
2158,657
1179,657
61,893
1173,1660
1008,2231
61,1001
1602,447
998,59
995,1903
796,1211
1483,1187
1044,1112
184,343
1319,1827
281,1522
933,192
616,1093
617,391
449,746
1541,1711
1821,1975
1465,1827
820,332
653,1506
1711,1990
1860,1390
1711,606
2271,733
454,1327
1583,1390
103,17
1684,1906
61,169
992,1069
1526,59
818,1943
1269,1985
2222,2124
1494,1605
2160,2284
1434,611
789,365
1993,1219
1866,965
756,2306
1018,220
1274,1133
2102,1404
2218,1160
2152,1943
773,1740
40,617
251,2150
1806,1181
1065,570
443,1794
1954,550
1757,2150
1036,115
578,987
144,2159
396,428
20,472
965,619
673,2187
2306,1184
1027,881
2215,61
1848,848
1190,1179
1946,343
710,2212
1468,619
333,703
1160,1246
1572,1633
2004,1500
989,744
107,1179
1468,181
1083,1082
428,396
756,2150
1916,805
1805,950
820,992
1733,1708
540,448
2140,1555
1197,1935
1798,1039
625,2218
955,85
1511,881
724,2123
1906,550
47,391
373,818
1590,864
1998,1651
1711,539
1814,254
57,2250
2110,930
362,1754
725,46
811,684
1605,1832
1636,1412
1083,725
1924,682
1820,800
545,1112
1985,545
1845,447
2285,1919
881,503
816,1199
1557,419
1179,1652
419,1557
343,1718
744,228
187,2152
46,2033
2243,834
319,728
1418,1236
1714,61
1469,1633
1906,1157
713,925
583,278
15,917
924,1711
892,260
1179,1822
1741,2152
2206,192
751,1210
188,1960
1397,17
165,271
611,2303
611,1205
61,1112
61,725
1885,2150
1380,1084
1902,1726
1299,1074
1493,1708
1212,515
1923,1039
1985,1302
2229,2212
1822,1093
950,61
1410,19
2073,209
872,1471
569,910
200,2184
587,17
17,235
1353,1656
1664,209
1683,664
1300,1233
725,1888
2134,1160
578,1464
968,59
2016,1668
2125,2168
652,1827
652,1503
53,17
764,1442
151,657
1406,1652
1246,1160
1418,611
1469,1977
1946,2212
1822,933
57,1179
160,1276
432,1764
1179,744
86,710
1251,1252
675,2126
455,587
285,1424
2306,73
140,1179
2097,989
989,2097
965,1468
965,931
363,617
1628,2203
264,1478
1331,2075
209,1633
872,1079
2026,2206
678,2212
2218,2183
2118,2271
649,881
1916,2238
1602,447
1001,1160
2306,1184
1223,2206
2122,2215
1610,788
1827,696
750,404
1911,271
1856,2206
518,1324
411,587
20,2303
744,1179
118,2207
1646,872
462,2244
2124,800
303,185
482,2240
264,1514
2259,2212
614,1717
213,820
154,273
85,1822
1711,2191
1418,1923
1469,260
1906,1827
1642,1828
57,1711
1412,1636
1410,891
209,1068
23,1223
1740,1752
634,2206
818,1170
711,1179
396,428
1078,619
2187,1139
1646,443
2212,1039
1160,2212
1355,614
117,1372
2215,703
19,2280
53,1166
1390,209
1510,2220
1504,1620
1217,151
2169,838
455,917
783,209
1000,59
1489,983
1061,1391
267,1128
1866,1112
1494,1069
47,363
415,1302
1483,1831
990,497
756,2306
591,2081
973,1478
2250,458
1133,1327
939,1216
1410,1112
1298,1827
209,1916
240,881
682,2016
1784,1625
868,503
888,185
885,2078
137,699
1511,57
1472,209
820,2159
1061,1280
1279,1378
804,489
1468,717
1223,2097
716,657
1798,1039
2173,442
343,1112
958,1179
187,373
1085,1792
1694,443
716,440
1397,209
1860,1400
691,1260
1006,255
1064,1179
2250,1004
1769,7
1633,1473
2266,684
1894,2240
783,621
852,2033
2259,717
1350,270
720,929
302,1078
1633,1266
1917,59
391,40
292,57
1022,314
1740,693
1615,1738
965,2001
1366,1513
2094,1179
2080,1806
718,1714
1446,1133
1791,881
1846,744
1834,209
1468,1831
1459,744
1298,1815
119,1721
1078,1788
612,965
1859,1832
897,589
76,1447
1178,2147
1910,1596
2214,1718
904,340
1796,2033
2095,1857
2160,2284
1223,1856
1627,1660
1213,987
180,318
1301,1017
1160,2150
1539,1816
653,717
1419,61
390,14
1866,59
449,1179
695,319
1469,2257
695,1673
2151,664
343,1406
1924,682
1734,2125
454,1327
2212,518
144,2159
1096,209
1223,1711
1832,1605
1866,1082
1559,545
2259,2212
872,1740
1819,612
1693,2277
522,1815
958,1406
1926,838
1136,1039
1965,1112
415,964
1592,796
1119,483
2041,1112
863,842
957,260
511,2039
1803,399
1372,1788
1999,889
873,770
2212,1082
1955,1860
2162,2266
104,1179
1954,899
1807,209
2096,828
1838,59
1486,1209
1296,2062
526,1127
1223,2191
1549,1764
139,2212
789,1620
1419,2001
317,965
346,1378
1010,1903
391,1594
2017,17
806,2215
636,260
749,1721
1789,934
2253,1711
567,1977
1950,1104
1871,1931
1812,1103
1660,1684
717,650
550,1684
1269,572
1234,1179
125,220
1696,60
965,93
284,709
545,1039
792,314
2212,2134
694,1074
1269,2266
1258,1397
1517,933
1866,1788
116,493
30,2212
1917,1074
1165,1147
717,59
1039,2008
1163,1708
820,2205
1641,716
2280,255
2212,920
1605,1832
928,85
57,657
2134,1160
811,619
87,1903
1711,1223
1012,1471
1520,615
1300,1233
1593,2120
1798,716
1782,2124
914,1827
1034,2088
2281,454
1827,1661
1300,1544
567,1605
79,281
2140,1555
443,2259
2232,838
1691,1074
592,650
1198,918
829,1179
156,1478
215,1792
982,1573
935,933
965,529
19,17
1078,1788
125,716
2206,657
61,964
441,800
1215,2055
1906,1827
2212,1160
1039,802
1631,657
1515,1856
1160,2212
765,1610
2240,375
599,570
604,2056
2234,1652
2232,570
19,637
609,1908
963,838
1866,443
2242,2207
1455,1806
343,278
974,964
829,57
1327,1112
2156,281
391,513
697,443
2215,703
1419,703
1655,456
997,1801
522,2130
90,1221
612,278
1271,1021
1796,552
13,136
1366,1105
2146,1526
1405,1711
41,1060
2159,209
1228,960
1410,891
1232,74
2212,1039
1484,1826
442,2208
792,696
244,2044
1070,1179
91,1731
948,537
1242,432
694,1447
151,1121
343,1406
588,1933
1689,779
284,1265
1985,2266
1324,1016
1257,1827
1539,1068
1655,343
679,60
1039,2293
2206,176
400,343
61,529
2029,800
1483,1606
1128,388
186,303
1694,1327
117,139
1419,964
180,343
1695,592
1485,1378
717,562
1733,436
919,657
1896,707
2136,1179
80,828
2306,1699
1646,703
2215,1139
2296,781
1114,1886
1544,1300
1578,2108
343,1655
288,714
678,456
2266,727
317,1378
479,2300
697,893
1158,1777
363,1594
1529,1468
1805,61
701,61
1964,1473
202,481
1468,1831
346,2231
636,260
27,1154
1390,1212
174,1652
746,906
294,1336
1713,1652
1859,1469
1955,1977
1573,1280
1711,81
1620,1856
1866,703
550,1660
2269,1507
1130,185
1965,1985
342,1600
437,1390
1096,1977
760,716
1515,458
179,76
1866,447
1511,1460
2224,1128
719,14
1784,17
1369,488
628,1029
1482,1082
501,1740
681,890
408,1295
1942,668
61,1372
1238,657
568,346
2097,1179
849,1313
1682,2121
449,1620
611,1975
905,2250
2212,2231
1518,969
998,59
2286,2237
1467,1137
1215,2247
2259,1718
2212,139
1390,992
1281,1280
1711,706
2298,1404
264,1478
585,1708
2033,24
1955,1212
59,1985
2212,443
1605,2257
1691,1740
997,2163
1469,1832
1806,466
1711,1327
1935,1663
1545,1493
741,2187
994,1557
1867,2251
47,513
1811,343
1661,2056
2269,2207
1179,716
2029,1827
1558,1977
806,916
1572,1977
1372,2215
1161,800
2219,2218
321,1985
498,1001
1702,185
1459,744
2302,1401
1301,2243
46,2033
881,192
965,2266
720,872
1471,2186
466,960
1866,2163
186,241
1780,1331
56,869
1903,548
161,818
1866,139
17,714
1039,965
61,1418
56,1470
1128,1301
568,612
1256,1214
471,877
697,289
539,1179
507,838
1173,1661
1363,1255
53,17
1184,61
836,260
54,1469
1819,306
1593,2104
931,865
462,1679
398,696
1127,1556
343,865
1536,1885
1700,319
389,965
974,59
61,725
1242,432
2102,1661
980,1074
1805,1184
2154,969
2011,1039
473,2132
1133,881
1885,1706
379,346
2259,139
1390,1859
83,1016
1355,139
964,1788
2213,2058
1160,518
1661,126
38,1688
1602,1655
1212,515
2092,1602
1418,2183
1985,1302
728,1473
160,503
1223,2206
1539,960
1866,1301
1862,1128
1281,1651
239,872
1655,2150
1305,1068
1066,933
1511,601
1515,1827
1964,1069
1740,1336
1304,1267
679,1301
297,2218
532,2215
1022,314
545,2266
400,1327
1755,1355
1823,2068
1418,2037
710,343
2259,893
2294,361
1619,285
2022,1664
992,1069
850,1282
201,1168
1633,2257
371,1301
89,1816
14,1831
1822,543
1612,1526
958,2106
1296,53
728,1212
351,2266
2218,916
2212,916
61,529
909,769
1351,355
139,2008
1124,503
1483,1606
2065,1464
506,1133
209,892
621,209
1304,1740
1284,1764
1455,791
2212,61
61,2215
1160,518
1355,139
2134,2259
8,1822
1690,837
1605,1832
728,1473
53,1510
1004,2250
213,2292
1468,592
513,391
85,881
801,1908
59,717
28,61
391,617
747,2246
2185,657
343,1039
129,1492
17,255
1479,2218
2286,2237
2191,81
2050,1140
2134,457
581,1591
363,513
103,587
185,1507
1105,1513
1418,2218
621,209
176,1223
209,892
384,917
924,343
924,1460
1179,1223
1266,1832
2249,2295
933,192
933,2250
1390,1583
1223,1831
2169,115
2200,2033
2098,1039
1305,1625
209,1816
1106,1469
1332,2033
852,1460
2266,1985
653,1356
2212,1468
209,1068
376,1295
1838,1419
1465,550
2191,228
144,1664
1784,1711
1548,443
1476,192
1603,2278
2212,2126
1711,456
1232,965
1408,1327
714,834
2306,278
592,1468
1655,2231
1160,1246
1236,1418
1498,842
664,1204
1929,910
1711,1460
454,1711
1668,2016
2270,2054
2227,503
378,497
788,1610
2293,1058
1753,2051
1179,1078
1016,518
1684,550
2013,1151
1328,1410
1602,1655
529,61
1372,1788
2212,1374
1856,192
2280,377
649,2206
2266,1417
2306,46
211,1711
1067,1246
1660,2093
61,710
1046,1179
838,150
1513,1105
1920,1916
2063,1588
570,370
85,933
1021,2058
1682,1827
1215,1827
1406,2206
1161,1327
1767,2052
545,1985
1830,1605
786,1121
17,1711
2212,59
1070,1093
1096,1633
2124,401
1904,755
2098,2212
1796,552
872,722
1301,924
2136,1157
1173,1404
1936,1121
639,354
1001,346
1923,725
209,1633
1426,2126
827,2295
829,649
1390,1583
2125,2028
477,619
881,149
605,1720
1949,1001
2169,570
85,347
454,1074
1805,117
1805,703
1923,619
988,925
57,2250
554,1822
209,1664
881,1336
2121,1404
1215,1660
1103,703
1873,965
1815,1906
1260,503
2220,60
2000,1410
343,710
1404,1661
930,2110
2072,2130
649,543
1309,483
741,2187
1646,1378
2097,407
117,2008
701,61
356,200
1510,1301
2122,717
332,1212
992,1390
1220,929
1822,636
216,621
1866,518
1794,443
388,1128
2213,1068
367,2286
2223,181
284,863
1030,764
1627,1827
1866,924
964,46
1663,1636
181,684
454,2191
1400,1390
428,396
1906,1660
1039,20
1226,1451
1860,1650
255,230
1521,535
2284,1226
1827,1039
954,1591
1748,917
877,2268
716,8
572,920
443,1355
1646,1355
2212,2150
1858,1824
1000,2212
2250,210
151,1754
1051,619
612,278
545,343
2066,1402
391,513
440,1652
634,1711
1684,1827
1247,2110
2159,209
254,1814
228,81
192,933
2266,1985
1602,278
1102,1816
1181,1766
2132,473
1332,343
684,59
1148,870
1592,185
491,1886
820,2156
2212,678
1301,60
1301,714
2134,2212
902,1591
319,2260
103,19
1105,1218
2125,1734
1390,1400
1661,923
1661,2121
1875,2251
1469,1266
545,916
1059,1579
4,1736
1270,284
820,1212
1215,2247
1650,2058
550,2102
2102,2124
2033,1184
1295,408
717,2259
2212,2115
882,1461
2134,1718
1628,2065
796,1660
185,682
1243,1768
722,2130
1903,548
1679,462
123,2202
1325,143
917,2212
1471,2186
1776,391
1402,1251
139,2008
17,2168
58,1711
834,17
89,1816
2306,920
107,185
1711,1223
305,1916
1173,1660
1835,1506
1923,2165
1039,965
1646,924
1465,1503
1468,592
1380,1084
1794,1327
1355,1327
529,14
1661,1827
1039,619
503,160
122,343
1128,388
2215,2183
796,1827
619,2183
789,1620
938,110
1711,231
1157,1661
832,1212
1069,1400
1985,1112
848,1848
993,399
23,1301
1533,244
1593,2104
139,1246
2028,2168
1279,346
2306,931
2212,1162
1301,53
2215,1078
964,1888
1181,466
81,407
1390,992
2169,370
1406,2250
1708,1493
1735,1179
1039,1660
457,518
85,347
2055,2247
285,1619
1408,1706
1459,789
408,1295
601,370
61,443
1069,332
144,1832
132,587
1259,760
321,1985
5,413
17,714
1327,443
1136,826
346,1160
17,255
2212,678
87,548
1286,1358
1274,800
1070,789
1001,2231
1155,124
713,925
194,847
973,1514
209,2244
2247,1660
1405,1711
343,572
510,140
20,1039
1661,1815
1179,280
1646,280
336,1661
1113,1419
1002,210
524,442
655,1711
1132,17
2202,123
550,1906
2218,2163
1517,503
522,1079
1655,2212
1179,636
2303,611
2161,347
1419,1888
2139,1633
1624,1212
1814,254
533,1503
1866,684
881,347
596,1273
570,314
227,2094
1223,146
1861,1802
1184,1718
1093,2094
1209,1112
1734,480
1367,1302
1827,1652
1419,1418
414,383
1185,793
1804,1122
1387,2250
1642,476
872,2186
644,61
1179,260
1876,391
1468,619
1372,964
1829,1673
2208,1335
223,295
21,1526
1415,205
2137,2215
1655,1160
1220,2130
1371,1139
1806,1400
625,2231
652,1157
1711,17
551,443
1034,447
2250,933
1513,1366
210,1822
1303,1140
454,1822
1714,701
59,12
1822,1179
503,1260
503,1447
1756,1179
1179,1093
343,752
1076,26
2126,456
185,303
1832,1605
1992,324
1508,757
85,789
1246,278
1620,1822
710,1179
59,2218
1822,696
1845,2291
1447,503
1082,297
820,213
2282,273
235,17
2263,1183
1844,1239
1815,1215
2202,1167
448,255
343,278
2207,185
203,2110
971,1718
1001,965
744,1711
2150,2212
61,343
1794,443
1550,1374
728,2069
2021,547
1702,796
1039,920
1822,192
377,1716
871,1327
2121,652
220,716
1112,1831
1740,872
2206,933
2218,1112
1218,1366
739,1875
1133,881
2306,1888
717,447
2212,1082
2124,1652
2215,1067
796,1211
2259,1655
150,1514
1259,440
581,902
2239,2212
614,893
1932,2028
545,1985
710,1253
1985,965
802,2130
1860,1390
377,448
497,378
365,1406
1740,1267
1725,343
2185,1652
343,965
1218,1513
518,457
683,476
1664,728
483,2168
966,60
2212,2008
1301,1510
1327,1652
117,1160
725,46
2239,1827
1093,2094
443,614
61,1001
2215,61
982,1391
2076,2191
81,744
1262,842
1246,2126
1896,40
923,2093
335,1179
57,649
280,1179
1824,528
987,798
436,287
550,126
2000,17
1218,1105
1127,1556
1187,1606
20,965
1078,725
1503,923
1503,1660
12,59
2055,1327
61,1372
791,1072
2076,81
2250,657
2068,2124
1711,1895
1418,2183
1212,332
1872,1160
59,2266
1946,343
335,657
2138,343
111,1916
209,2244
881,2176
1824,1858
892,209
1131,1497
2206,503
82,1301
1620,57
307,1826
1374,1336
20,545
343,1946
534,2191
226,2301
649,657
2155,1984
820,2069
1231,497
1661,1827
1609,1372
838,150
720,2130
2171,1875
2229,346
1807,1688
892,462
1623,1137
1008,2212
988,925
1660,1827
2276,1827
1511,1260
855,547
619,14
919,1121
713,925
457,650
962,2025
507,601
2122,1665
1868,1740
1218,1105
687,1605
949,1179
1423,1346
667,116
1136,826
443,1718
1397,17
2212,1162
506,1336
1186,2285
1157,1661
614,893
1177,85
1426,456
696,115
1901,1291
1661,2093
923,2093
235,2028
716,1652
937,1021
1223,933
305,260
821,2278
986,892
710,1711
2164,1185
2080,1832
902,581
936,2220
526,686
54,332
1225,1473
806,2215
2307,2231
757,1508
1985,2266
2177,71
1949,2212
718,361
507,1711
1002,1179
1269,572
1395,2207
1902,2220
2191,1711
1795,1788
1344,209
1557,419
1211,185
474,2257
730,2218
1418,2008
2259,1468
1530,1419
1749,917
131,802
144,1832
892,986
526,965
1923,611
343,1718
59,343
929,717
209,1179
1061,1573
1849,929
2218,2163
93,94
1594,617
1834,196
545,2266
1923,1205
1039,965
1899,953
1841,1812
798,987
1039,1923
280,443
1314,1323
1659,1716
2144,2110
2280,1626
7,503
587,455
2072,869
1890,889
1419,61
52,2105
1372,61
1646,278
1160,2150
1964,1605
725,2163
2215,893
652,1660
789,1406
1046,1919
1259,716
664,1832
1406,1822
1008,2231
1711,343
952,2023
1069,332
1447,76
2040,1663
833,1214
425,1411
1314,528
518,2126
649,503
1187,343
1928,1190
529,1556
373,2152
373,187
555,17
1064,124
455,587
1350,270
526,1078
964,2218
541,211
1866,717
59,1302
17,235
11,347
1954,657
447,1160
1819,1139
92,1469
2247,1827
2270,2054
1055,46
1902,1726
2070,497
1416,2031
1755,395
2305,796
433,1655
1327,2259
443,1717
2112,1179
444,1859
302,1078
1620,459
635,2297
2307,297
1136,369
1084,1380
723,188
965,1873
1611,1537
336,1827
2092,1160
1897,1209
1337,7
1410,790
1694,1717
1739,1577
530,1555
1157,1660
1136,1923
619,2266
29,337
1486,717
1650,2156
1048,1128
1733,1708
507,1223
2124,657
1730,2170
965,1468
811,684
1406,192
1651,1280
1086,1652
1694,893
710,61
1967,60
1102,1068
2173,1168
1518,237
365,1406
710,1253
1161,657
832,2159
855,1460
756,2212
1418,2212
850,1653
804,1406
2011,947
2159,1390
2149,955
379,1005
2221,442
1941,2295
1160,1872
2042,185
587,103
24,2033
1955,1374
2017,17
138,1659
1259,760
2200,1589
2122,717
343,1302
1986,1033
529,46
507,115
1853,206
1866,1246
260,2244
2097,146
1734,17
1298,1815
1878,2185
774,392
1179,1223
1923,1205
1954,1652
2212,1923
2217,2265
1866,117
1079,872
1986,2277
1223,81
1512,2106
1734,2028
1867,112
1516,570
534,1179
599,410
1955,992
1501,725
974,1025
2212,1788
1859,1551
1374,1074
1965,1788
53,1711
669,2059
1682,1404
2083,2278
1374,315
469,1935
526,703
1866,657
2306,61
85,2250
57,649
435,2196
1419,1139
597,71
47,391
2070,1636
2269,303
1198,314
1107,2256
1574,657
1758,590
317,965
518,2212
1949,2150
399,1803
312,1327
610,1660
1160,1246
1418,1236
965,1985
373,818
1390,1400
1105,1366
2212,1246
1738,872
1527,1711
526,1112
2151,1400
625,2218
1740,385
115,1406
1119,1991
2213,1816
1655,457
1965,59
793,1185
2294,1714
486,1544
1734,235
1494,213
1615,545
237,1518
947,965
489,539
1659,540
1917,592
1511,503
802,2186
2185,1754
115,1762
1491,900
1916,209
1790,347
802,1108
1622,707
1273,324
2140,503
1538,892
1147,391
116,493
1415,2078
182,1137
845,619
471,343
20,2215
1539,1179
1866,1718
1965,2215
1962,1069
758,1179
856,1179
2266,59
2122,289
1223,856
839,271
457,2126
1602,2231
20,343
611,1302
14,1078
60,717
1794,893
442,1335
725,1923
1120,1235
964,717
1859,1806
1468,2266
619,1831
1294,1179
1294,1711
1969,463
1406,192
1378,346
181,343
710,61
1831,684
1518,237
1865,273
1338,1045
1410,737
517,1860
540,448
917,1711
2218,1118
1121,1754
139,443
2212,2231
2212,1327
61,1078
346,1160
1628,1464
800,1004
1418,965
1923,1419
934,1789
466,960
1291,649
1179,2176
343,1302
675,2212
287,436
1959,88
2208,1168
400,710
1646,1327
949,123
1173,1503
333,1160
187,2152
1511,881
85,933
2091,1718
960,747
1107,503
548,1903
934,1789
1602,447
1511,1478
720,802
1834,196
2191,1681
933,2250
1424,285
1510,834
876,1329
984,1285
1515,1822
2194,295
1511,587
343,2126
150,314
1511,534
217,1923
2023,952
1515,1620
222,657
474,1267
1238,1652
1459,789
580,1711
503,881
2212,12
1469,872
227,1179
1918,2303
1261,1116
965,947
1831,2163
40,391
117,1355
1387,1652
522,306
1827,1157
5,1886
931,343
1330,1826
297,1082
483,2168
160,1276
985,1847
1654,1716
1410,1711
228,1290
530,1785
2212,2306
806,1355
445,2020
140,1179
103,587
683,476
866,84
2150,1602
1851,1633
1044,1742
1724,185
1409,1652
1426,2126
545,1985
592,684
1001,1378
1866,2183
377,448
1077,60
974,684
288,834
1490,1877
391,40
1039,1179
922,621
2136,1652
1180,381
526,2163
734,657
695,2002
570,370
359,1652
684,592
530,1302
1049,1995
2153,89
343,916
1179,881
1868,2078
2307,1355
1684,1660
1367,611
1936,1754
1554,2215
357,205
266,22
1374,2212
1235,2027
868,1276
1335,442
2012,647
545,1112
1418,346
1820,657
673,1732
1465,1660
1097,1246
1478,264
1179,1756
2239,2218
2071,657
752,343
1482,920
636,1179
144,892
1868,1742
1311,893
1070,57
679,2157
714,834
546,1514
1091,1754
1962,1390
1021,2058
2136,657
2307,456
545,1195
39,1347
1378,893
2206,1711
995,1903
54,1473
218,689
174,657
1807,209
2163,965
343,61
2096,828
1955,1400
1926,942
522,2186
1406,657
2124,1652
1469,1267
1805,1179
220,716
1468,562
1646,1665
1004,2250
1355,443
1591,581
1605,113
370,601
2259,1160
1514,570
1513,1218
2257,2270
132,587
1796,703
2163,1888
2220,60
878,1264
281,1522
356,200
1851,2257
1246,1067
117,1246
1711,789
1646,1378
716,1039
240,192
834,714
1410,103
465,1401
1246,139
2126,1655
610,1827
2220,1510
1972,2068
742,1975
150,410
806,614
60,1074
1503,923
1620,1093
1810,205
892,260
729,965
1012,306
2283,2107
255,1817
436,287
1396,497
1526,59
820,992
2171,739
611,2303
117,710
1250,1292
867,1184
235,2125
1523,347
1694,1327
789,1179
656,649
2162,727
681,2078
1511,1856
1744,1831
1223,1406
1134,264
125,760
2185,657
917,1711
180,59
1965,684
1096,1633
1223,1831
1360,1636
17,1711
1112,1831
2307,565
2206,503
564,689
1464,2065
1321,260
2169,115
796,1211
829,649
372,832
2212,61
1663,1935
1926,918
1659,1716
1859,1886
670,53
987,578
838,1712
688,619
2206,1711
1964,728
622,2158
872,1740
1798,1985
61,343
2150,2212
30,343
1340,1336
621,209
1488,44
580,1711
1214,833
1459,1179
526,1788
1834,1625
440,716
717,518
97,2082
379,1827
1818,1147
1198,2169
422,1912
883,2126
1280,1573
454,85
1659,116
1838,1356
1917,872
81,1711
264,314
1381,1029
1039,1418
374,270
1468,2218
1027,881
1711,1718
551,893
1418,2218
42,214
1789,934
2306,24
522,802
1155,124
332,1212
744,1846
484,1181
1923,725
1791,192
522,1827
1502,1179
233,1397
1394,1809
678,2212
623,1336
1097,2212
332,1633
108,1074
1993,73
946,1179
370,599
20,1039
263,1788
1406,2206
195,2278
1327,443
1053,1327
806,343
716,2250
1795,1419
144,1179
1531,2157
555,1397
1486,1209
1179,543
69,1417
242,1074
978,728
296,1074
1485,1327
1887,619
613,1179
1962,113
2191,1778
1165,1896
1613,891
1415,1859
2122,2215
1514,838
2070,2025
1188,1176
498,2150
1400,1390
677,185
1374,503
245,918
613,1406
615,1520
789,1406
1711,2097
1954,1827
6,153
1177,800
20,2303
312,800
1513,1366
1602,2231
881,2176
457,1246
2121,1503
53,1510
267,2220
607,185
89,1068
716,1259
611,1302
806,1039
534,1822
695,17
877,1411
1684,1157
2307,1039
1039,2303
14,725
377,1659
40,2117
1827,1039
1714,703
1310,1179
19,1613
1574,1754
1153,1291
1134,1478
1890,889
2212,278
1179,1093
1805,2033
1029,628
1410,19
424,611
973,838
1554,61
2139,1212
1682,1815
1805,920
1493,1708
1223,1652
150,1514
1827,2093
1829,941
1198,838
1815,1661
2215,1888
1500,2190
788,1610
373,2152
1541,1711
2250,210
347,1133
725,2163
2151,1711
1599,315
1796,770
1404,1157
1714,701
486,1300
663,794
185,1507
719,302
1295,408
2214,1160
2191,231
526,278
1512,1447
400,1301
2306,1078
1136,1923
1751,77
1684,1827
1819,929
1517,347
1511,8
1805,1372
1027,347
2307,2218
974,181
452,649
1223,2250
1661,1503
1515,1093
889,1890
838,570
1812,1617
1198,410
1171,1157
2255,1179
1810,205
1330,295
1887,965
719,611
795,57
1406,85
910,1089
1246,518
2250,458
1039,1179
1486,2076
1657,1179
1218,1366
2206,1856
3,2306
479,2300
804,489
1179,881
1740,1336
1453,1179
1465,2055
2212,443
587,17
2163,965
1574,1754
228,81
1609,1372
872,2186
2220,60
1160,447
1085,1082
174,1754
710,2212
1822,1652
124,1711
266,71
1296,834
1782,800
1387,657
440,1652
497,1912
1935,497
1827,98
2160,1226
2131,185
2246,747
322,976
42,214
1985,59
1691,1074
520,1779
303,185
1711,2191
343,924
2212,1602
587,103
1351,1051
570,1514
11,881
2068,2124
593,1923
1355,139
1376,2156
1964,1212
604,2056
1064,1179
917,785
947,965
2306,703
987,1628
1708,1493
1179,1078
974,1025
1209,1112
59,684
1151,2013
613,127
286,705
2028,2114
997,14
646,53
1301,714
868,2106
180,725
646,492
1406,789
1716,448
522,1660
1390,1583
2097,1711
2215,964
1474,503
728,1605
428,396
1827,696
1989,1831
343,752
529,14
371,834
1724,796
1161,2124
1269,1985
1985,684
989,744
2017,1179
965,20
1554,701
1246,1160
1661,2121
20,920
2200,1184
624,1524
2218,1118
1280,982
432,1764
1831,684
1985,59
1179,57
1602,1718
477,965
1537,1449
314,570
811,2266
59,920
2191,1460
2215,725
1917,2212
1620,1822
1773,457
612,893
1508,757
1078,619
6,941
1502,1179
933,1179
2065,1464
744,1846
2132,153
1223,1652
1661,1660
1982,273
1115,2110
332,1964
1366,1218
1805,2033
1039,59
280,664
1082,214
1410,790
1650,2156
1179,2097
1937,1357
1593,2120
343,545
128,1856
2114,2199
1912,497
572,931
14,302
443,139
2212,893
2001,61
1449,1537
725,302
725,1788
728,2002
1382,2051
1711,456
832,1400
1212,1964
1839,2110
209,872
347,881
1957,1916
2052,1767
967,1718
716,2250
2274,612
2212,1468
61,1184
1964,820
1511,587
1511,1478
1885,2150
965,1468
1179,454
1429,791
1046,1919
1279,2231
868,503
1655,2259
1916,225
1988,611
1511,1406
931,343
2212,447
619,14
1030,9
2048,728
1123,260
2102,1660
1876,391
557,838
526,302
2146,1526
1602,2291
1716,540
1354,2293
1734,235
1187,1606
717,1468
735,2187
2206,503
642,747
1366,1218
1372,61
1212,1964
2232,570
1482,214
1291,1711
1011,270
1426,1039
507,115
1171,550
1700,319
363,513
1391,982
457,2126
14,717
242,1785
235,17
800,2250
1096,2257
138,540
1501,1831
1000,964
40,1896
273,1728
2098,1425
716,760
529,1788
1173,1906
872,1471
1144,2291
1955,1859
783,209
1750,2123
1179,1275
1627,550
1707,2206
144,1425
1220,86
1646,1355
53,1711
2215,1139
2074,1914
1223,1743
1558,1977
2219,297
498,1001
347,1336
980,1074
125,760
2151,1711
730,59
1694,443
242,1374
1711,81
2221,442
539,1179
2038,2156
35,60
443,2259
508,2138
2124,1519
1501,1000
112,2251
1212,1683
587,411
1321,332
384,270
151,1754
501,1266
991,872
1093,1711
1515,746
57,1711
1964,820
447,457
19,2280
881,1133
1209,717
1511,696
20,916
1296,1000
1390,209
931,572
2134,278
1682,1660
61,443
1356,2215
1097,706
317,1378
240,933
1660,2093
1002,800
443,614
1478,1514
1866,1160
2200,1184
730,1923
522,1660
1296,343
2061,2291
1934,185
806,2306
1592,2207
144,462
1327,1616
852,1184
1539,960
273,2282
314,570
1468,717
560,1128
533,1503
237,1518
1994,764
2103,1509
1232,619
233,2212
1239,1844
2169,115
503,1447
1175,150
1482,343
968,717
58,1711
1620,458
2243,17
2212,2306
1105,1513
774,1711
1615,717
443,139
1827,1906
1557,419
1006,493
783,621
1292,1250
1571,1450
1179,1822
1954,1074
1691,1740
1179,2100
992,1390
1404,1503
333,61
1655,61
1036,2108
1554,1655
1733,828
856,1179
153,473
2307,2231
522,1845
2134,457
2266,1109
1919,2285
1554,1788
1819,2291
649,2250
1539,1179
1804,1122
717,518
2110,2007
1883,1157
1924,185
2212,2115
19,386
389,343
19,103
521,1147
2220,1510
1796,2306
1733,1179
363,1594
1148,870
1985,1112
311,1013
520,1447
1955,1212
1831,684
649,1179
1079,872
2212,2266
498,2231
1851,1069
1736,4
310,1291
1187,1831
756,1039
922,280
1250,1292
2284,1226
1187,343
59,343
613,181
1831,2163
1554,701
507,314
1198,838
2212,61
1968,1502
1074,872
242,802
522,872
2166,22
1711,2212
391,513
351,2212
1434,1447
1426,2212
1110,1112
81,1990
333,1655
235,1397
244,1262
399,1200
1179,2124
1646,1827
1008,2215
1381,1029
1998,1391
695,17
1740,872
1511,2206
7,503
1279,1378
1749,917
2087,1039
197,1078
2253,744
1783,1886
477,684
604,923
447,924
910,2148
209,334
363,391
1276,1260
117,710
961,260
2122,2215
1538,892
2212,1139
19,1132
2139,1633
1866,583
150,314
1964,1683
592,684
209,872
346,1001
1223,630
2011,947
1805,343
56,1470
1410,386
1055,684
144,1538
30,545
174,1754
958,1179
139,1355
1181,1021
2149,955
59,1985
500,1843
1654,1716
877,979
912,1000
370,570
719,965
2187,741
1198,370
1350,548
716,8
61,1639
1632,966
1179,2250
1711,649
1964,1069
2043,236
61,586
144,872
1029,628
1136,1039
2232,2169
963,838
2231,2212
1257,2102
2191,1711
1133,1327
21,1526
296,2220
19,1410
1620,1093
454,534
333,1618
1410,1132
646,1294
1501,59
2083,2163
1160,2150
109,1223
1327,871
1468,684
1548,614
2307,443
400,710
1866,1051
1147,391
348,59
610,1660
255,1817
1257,550
2212,1374
650,518
1483,1112
522,1039
443,61
1039,2303
254,1814
457,2212
1374,2212
117,139
1985,619
1624,1212
518,2212
1515,1620
2156,1390
1805,1678
1093,1822
1589,2231
1955,1740
2062,278
1374,1074
2191,1711
354,639
187,373
1655,2259
2212,1139
410,838
2126,1160
965,343
652,2121
1468,2212
1184,73
314,410
315,1822
1851,2257
1246,139
1805,61
1039,1179
1425,260
1410,103
391,363
872,1267
1208,665
116,255
1200,399
1397,555
1760,1636
2306,61
2212,343
1301,834
1449,1537
615,1520
653,1356
1034,447
815,2212
1695,1074
1078,1112
1296,1355
2212,457
391,617
818,1398
19,1328
1848,1466
2276,1827
1918,1039
1646,703
2242,118
696,2108
1655,447
974,2218
1418,619
1165,1896
1711,443
450,1124
2215,443
244,1533
373,2152
553,1400
498,2150
1194,1076
2288,343
293,303
2215,1788
1419,965
54,1469
1566,2125
1079,1471
1055,1788
1916,1179
1171,2121
1098,1301
1301,248
2212,343
701,61
1296,1898
332,1683
2033,24
57,1711
403,1327
1173,1815
61,46
1965,1112
46,1419
448,255
75,838
175,1327
1332,343
400,1327
389,965
1179,57
2042,2207
1916,559
286,828
2244,209
1558,2156
1935,1663
1161,800
1784,17
2307,214
1511,1735
377,448
2212,1526
454,1822
1746,2273
2049,260
187,373
1811,2212
1067,1246
710,824
1664,2022
997,703
1867,2251
506,297
305,2238
1331,2075
1082,343
1806,1832
2215,1372
2202,1167
1093,1620
2042,185
578,1628
376,1593
1279,346
965,20
371,82
497,1912
2208,1335
1166,53
40,2117
366,612
2151,1859
1271,1886
54,1473
2110,2236
513,363
1455,1806
1384,1827
1260,503
2164,1185
1190,1958
567,1473
2023,952
1296,61
1661,2121
2212,139
1776,1948
652,1660
1576,1908
1085,1082
1625,1834
2150,1706
529,46
1776,391
1474,7
2150,1655
1985,181
1646,1112
1296,1711
1703,57
656,649
1339,881
293,682
164,1240
806,343
443,1665
1827,2121
2269,796
910,569
463,2057
1105,1218
628,1029
400,2212
1280,982
1822,1093
1562,1179
691,503
1661,1827
2136,1827
682,2016
1128,60
968,1468
1468,1831
1728,273
1711,1718
1418,612
1363,1255
1486,2212
1390,992
838,410
619,2266
874,1753
1400,2159
442,2208
1473,1605
1117,401
2264,592
1856,192
1526,2150
2307,1039
37,1827
1711,655
965,343
1334,314
2229,346
846,877
379,1754
1179,901
54,1964
434,1179
926,1827
1474,503
803,1633
1609,2215
2212,1468
1296,1000
1554,703
1633,1469
1406,192
371,714
1184,1589
242,1074
1477,297
877,1316
416,472
60,1128
1805,117
1179,711
2153,1068
742,1975
2306,61
649,57
752,343
205,1810
281,79
717,562
1879,649
2097,744
1512,2106
2012,647
857,576
2259,1468
614,1327
1021,1181
150,570
127,61
1720,605
1478,264
863,284
454,1652
802,1079
1822,657
2057,463
1765,1179
895,787
563,426
1827,1074
1179,2250
1725,1179
1292,1250
1614,1581
1402,1252
17,1132
1664,2022
2129,1379
455,917
1916,2168
285,1619
1078,46
1301,1364
1280,1391
346,2231
2163,1888
2196,2215
1000,59
2169,838
987,798
2102,1906
695,1829
1107,503
2193,44
1855,1449
1967,60
812,185
1096,1212
1733,287
474,992
370,601
1212,1390
1055,1923
272,1806
1510,1301
1198,2169
1620,1856
885,2078
1135,1128
962,872
2163,1468
2212,338
997,725
718,1418
840,1370
2018,1016
806,61
1581,1614
180,725
1296,924
443,1355
462,2244
1511,1004
1815,1827
1755,443
1223,2097
949,1179
683,476
14,1078
1160,346
180,1139
1419,703
1101,987
1763,1082
2098,1985
1251,1402
312,1327
915,528
290,127
371,1510
1658,1721
110,938
1661,550
964,2218
527,346
1105,1366
178,2068
343,752
284,1687
1179,933
61,1419
1209,1897
2220,834
1157,1661
12,59
13,548
1663,2179
2213,2058
1954,1827
974,964
649,503
2174,61
1592,185
1916,598
1069,1212
714,834
556,2054
1296,1039
2307,2212
61,1831
1722,447
1332,2033
719,947
760,440
240,192
1096,1977
614,1355
522,1469
1515,1856
671,1502
1179,8
2012,647
1695,592
1501,1236
2163,1831
679,1301
687,1605
1039,1112
1962,332
68,2054
59,2266
2269,185
1119,1991
1266,1832
2276,1074
1410,1711
1418,611
343,1711
1866,346
1633,2257
2096,2270
56,497
2266,343
599,410
1661,1404
1711,1179
1246,518
703,1418
355,1051
209,1179
2236,2110
1291,1711
924,1301
1176,941
1103,61
1873,74
1815,1827
678,456
2220,1510
139,1355
1503,2121
1655,1246
61,1418
2300,62
2126,457
1628,987
2273,260
838,1514
943,2220
1737,1711
1469,872
447,1246
1943,373
2257,1633
820,2191
1179,2094
2159,2257
1470,2025
1328,17
1734,1991
522,1815
1209,717
447,457
1815,1660
1394,2215
1696,2220
646,587
678,2212
1964,820
2239,2218
1223,881
613,802
555,17
1917,1468
1464,2065
2259,2212
1306,1827
2204,1510
522,1079
1796,703
804,210
1304,2257
61,1078
1696,1336
1960,188
317,2138
1447,76
471,343
1042,908
1238,800
1340,2123
477,1112
1415,23
1756,1179
1469,2257
2061,1845
1311,443
80,828
108,1074
2212,344
2306,24
171,2150
1486,1468
528,1824
1511,1093
124,1711
1377,2220
1605,728
258,1074
1977,2257
1157,550
2212,717
1438,2129
2104,1006
2212,964
1002,1179
1916,209
1916,2086
1001,346
1372,964
2212,1923
1538,892
2126,1246
652,2102
1468,717
619,965
614,1794
1813,579
2119,2110
570,314
85,2250
1731,91
1248,271
832,2159
1039,2183
280,1652
1935,1663
872,1827
986,892
116,1659
302,14
682,185
701,1805
809,837
1661,550
332,1633
181,920
282,20
1866,343
2191,534
2110,658
117,583
53,1510
1404,1157
36,343
1849,929
1006,255
157,1112
399,993
706,917
440,220
2294,1714
1296,53
744,228
1502,856
1469,1633
710,61
2134,1160
1469,260
156,150
1481,1831
912,592
526,965
138,1716
2122,1468
708,61
1874,213
2245,1620
2158,2250
400,1655
1866,2218
263,46
1538,260
587,455
20,2303
835,2068
1866,2215
969,237
2137,2215
702,924
200,429
287,828
2015,1000
960,747
1518,237
1764,432
2190,1500
2306,2212
986,2244
1977,2257
2135,1374
106,1721
332,1212
2307,1355
1051,1831
1161,85
273,154
477,2212
1419,965
744,407
2212,650
1327,1355
117,710
1102,1068
1223,1663
1418,61
236,483
447,2291
447,1160
1439,190
209,1397
473,2132
1919,2285
343,61
453,2009
17,1711
1602,1160
1602,518
2212,920
61,1831
450,503
652,1906
1102,413
1468,650
901,1179
1000,456
2024,1598
1929,1579
1711,744
684,1831
1378,893
1410,1613
1613,790
235,1397
237,969
2206,1223
2206,1652
2115,1655
373,1170
1187,2163
2150,1602
2212,2134
1660,550
1327,1460
280,800
1788,2163
924,714
2054,2270
1147,391
391,1594
209,2176
881,347
1291,1100
440,220
1827,2124
1179,260
343,931
1404,2121
1372,703
2212,916
2212,1155
539,489
1964,1069
1356,1067
412,837
1223,192
1223,2250
1661,2093
1620,1856
1831,2163
1817,493
399,1803
820,992
235,2028
1767,2052
2206,1822
1214,833
518,2212
2258,2110
373,818
443,1718
1673,1829
1660,2056
462,1679
1327,443
964,2218
85,800
1418,1888
1469,1267
1985,1618
236,2067
1716,448
1074,1079
833,1256
2121,1503
1215,1815
1179,649
466,960
823,503
1655,2231
1179,1406
83,1016
570,2169
292,554
185,118
404,1245
551,443
1031,1854
1008,2212
143,1532
648,2013
649,1406
1420,297
2295,1676
1773,457
2242,2207
526,61
1605,1473
2306,2033
1658,1406
447,1845
1149,965
1711,1541
105,297
117,924
969,1518
350,181
2085,1886
1327,614
235,2028
1418,1236
1798,1418
1965,684
1706,2150
1714,703
1296,518
1866,1000
1539,1859
636,1179
841,67
2147,1178
1075,1827
1022,1478
717,443
684,2183
2122,289
1901,1132
1121,2185
273,907
1866,2062
1784,514
2267,881
59,2218
1745,1447
701,1805
1246,1067
61,1372
1035,1121
651,1628
1646,2259
1516,410
1278,1557
414,383
1646,1327
332,1633
2111,696
1106,1390
1512,1447
1651,1280
2211,1179
2186,825
2223,1112
144,2244
545,2266
2151,2257
2159,1851
1764,1827
1486,2076
1988,611
1378,1279
1811,310
1805,278
292,1620
1066,870
197,1078
1188,941
415,2183
1468,592
2159,2257
1775,1711
978,2257
2078,1374
2013,648
2218,1160
818,187
493,1817
1470,2025
282,20
1404,2102
1215,1827
1827,657
550,1157
2218,916
1255,147
826,369
1734,17
20,1039
1661,652
863,842
705,828
552,24
1923,260
1039,2011
1881,249
1277,184
347,1133
1913,271
1927,1670
1827,1661
634,1179
818,373
225,1916
649,1179
717,1000
443,61
1538,260
79,281
214,1082
1859,1522
1223,1711
1116,2039
1661,1906
1366,1105
1212,1633
59,920
825,2186
1822,1652
447,2212
377,540
124,1711
2040,1935
234,1711
1215,2055
1179,657
2280,1659
1124,450
1956,2110
148,1655
540,1716
881,933
2108,696
1821,1975
7,503
2169,601
872,306
687,319
1859,1832
134,796
14,302
1706,2150
1075,1827
178,657
1171,2121
2269,185
1467,1179
1036,115
1954,2121
474,992
59,12
255,230
818,373
730,59
1039,59
21,289
1583,1390
1782,2068
152,1368
2244,209
1258,1397
1880,1569
1287,923
1022,1478
2079,1143
587,455
1160,346
1511,1179
1212,1832
242,1785
2126,1971
1832,1212
1136,2001
303,185
2306,1441
41,2123
450,503
389,1711
447,2291
2307,2212
1055,684
940,887
1620,57
1410,1112
1185,1518
2257,101
1071,862
892,986
1827,550
890,2009
499,762
2218,1082
1166,53
1646,1827
1898,61
1794,1717
297,2218
1046,209
1366,1513
1620,1093
24,552
666,2116
57,1652
394,1230
23,1711
1659,377
2305,185
1602,2259
2097,81
1819,181
1374,1336
2266,59
716,220
20,545
1279,1378
14,619
2212,1602
1209,1112
2126,2212
2208,1335
1510,492
1851,209
489,539
1157,1827
1212,1069
59,1526
2272,456
542,1510
158,2192
235,2199
1659,540
2206,1374
1874,213
1824,528
1000,456
1985,1112
719,1209
1798,717
1526,2150
2243,17
1923,46
1700,113
1069,1400
1220,929
333,61
1034,306
1949,1872
652,1503
1034,1067
581,1591
237,969
1874,1829
343,1039
800,1004
664,1204
601,370
1160,456
1427,987
2215,2163
520,1555
359,657
2306,73
87,270
1585,965
1061,982
1407,1121
1798,1418
2004,1500
2108,918
1917,1468
85,955
1036,696
1418,611
2048,1605
1301,278
1613,103
1301,834
505,1754
1078,46
1211,796
1087,965
2306,770
802,1079
682,185
2251,112
1750,2123
1706,2212
2212,929
2078,1742
639,354
314,570
1050,1372
664,574
815,2212
222,1652
926,1660
2097,81
1891,942
2215,1788
59,684
290,1179
1122,1804
760,440
2085,1995
756,2183
159,1754
2206,1374
19,1132
57,2250
1646,61
2300,1557
2097,407
56,2025
2048,213
1071,862
547,2021
30,343
1039,916
351,2212
2233,1677
1570,503
2253,1359
343,59
1039,619
2213,413
1796,2306
991,1079
550,1827
1311,443
2212,1008
1305,1021
526,1127
619,965
14,619
2043,1154
529,619
1093,1620
1574,1652
1065,918
1805,2212
576,577
1348,933
1573,982
1655,61
1860,517
719,965
1494,1605
2053,1179
974,2218
107,1179
1740,2257
443,61
2218,59
1160,2229
1341,784
1437,1526
1390,2292
1837,1179
1573,1651
550,2102
305,2238
178,1652
363,617
1291,1901
1945,260
1552,260
2232,696
506,297
353,72
1871,1931
522,492
855,1179
1220,2186
2071,1652
1655,1718
346,1378
336,1157
1754,657
180,1039
1796,1184
1021,1766
2055,1215
384,17
1364,1510
1711,2076
1044,1112
1693,726
909,2176
1818,513
1198,570
1184,24
1374,2078
734,1406
370,2169
1832,1605
180,1822
288,714
469,1935
1637,45
1261,1116
227,744
33,1406
1321,260
1832,1212
296,1074
1985,343
209,924
27,212
1220,2272
2180,1903
1962,1069
1374,1785
1167,2202
1510,53
2122,1665
1815,1661
1055,302
2110,2119
1415,1859
107,1827
1232,74
1554,710
1661,1404
2116,666
1039,1418
131,181
1295,408
652,1906
1999,889
1588,2063
529,703
1027,1133
520,76
1529,1468
493,17
1418,2215
1853,206
484,466
616,1179
1465,2102
19,17
117,1327
545,1923
1827,2102
800,440
1374,1074
267,1128
802,1079
400,139
1409,800
619,2163
546,1514
2212,965
585,1708
978,728
1171,1906
1051,619
1211,185
717,964
1807,260
526,2215
153,2132
228,1290
1004,2250
717,1000
1636,2077
802,2186
480,2125
716,657
716,440
1235,2027
1683,1964
672,2105
1806,1181
1646,703
2212,1008
2215,1139
965,619
968,717
1079,872
2250,1004
1223,2097
1754,1121
386,1410
1418,1419
1418,2212
24,2033
59,684
1410,17
209,260
237,1518
1179,881
1719,265
343,1985
1068,209
1893,1179
1419,1888
1806,466
2212,2033
2303,611
61,1788
1964,1473
2011,947
1000,964
1991,2125
81,146
1223,2191
570,838
1817,493
242,1827
1627,1660
503,1260
1706,2212
1179,636
988,925
2213,1886
400,2215
2280,493
804,789
1793,2257
1504,1822
1128,60
917,763
1367,2303
1655,1602
2187,735
221,1327
1591,581
1410,634
1806,1400
936,2220
568,612
1866,139
912,59
1471,929
1400,1212
1605,1977
1327,1794
300,2300
1408,1327
2218,1082
1851,2257
1440,191
728,1212
1139,741
507,570
578,1464
739,1875
214,1082
522,1711
1511,1711
139,2259
2151,1977
1544,1300
547,2021
1051,355
2093,2056
1633,1473
1606,1831
447,2126
209,1740
872,2130
248,278
1804,1122
31,1102
1684,1906
133,917
550,1684
343,1112
1211,185
1078,1112
2212,684
1327,614
965,2266
1424,285
696,2108
1021,466
1510,53
1661,1503
85,1652
1378,443
2023,952
1594,391
1633,1977
59,1923
503,76
2156,337
924,1902
1179,1460
1266,260
818,187
760,716
373,187
523,1389
1374,2078
2064,2110
1250,1292
717,592
60,1074
2097,1179
965,947
614,1355
1510,1327
151,1121
1406,789
1246,456
1829,941
992,1860
1418,1718
552,73
1803,399
1553,631
57,657
614,1327
180,2
1482,343
429,929
2247,2055
1977,2257
1564,617
828,287
1082,2231
1955,1069
1022,150
1106,2159
1709,565
968,717
343,2055
282,965
1002,1822
2223,1112
2218,1082
1625,1834
1324,1016
1296,1016
200,429
614,1794
1600,870
1160,929
410,838
3,2306
1273,2125
2102,1684
969,1518
447,2126
767,1686
1919,1046
1646,893
584,715
1604,1327
2134,964
125,220
1444,1923
1454,1392
694,2106
572,343
649,543
1834,209
1955,1859
636,1652
17,1132
1174,347
81,146
134,185
245,838
2262,1145
2213,1068
285,1619
550,126
1404,1503
648,2013
238,442
61,612
879,428
1606,1187
2206,1822
347,1336
688,916
1078,725
119,1721
1782,1652
1989,1051
1246,457
1083,1788
1885,2150
382,1329
1979,1903
1710,1179
2187,735
35,60
2257,1469
2055,1327
2128,2025
2212,650
1954,550
1218,1513
194,933
540,448
1156,987
1661,1684
2191,534
2212,310
804,1652
2125,483
1304,2159
735,1112
1105,1513
1039,1302
1501,1000
370,570
820,1400
1605,1977
1684,2102
1383,1039
1437,1718
997,821
786,1121
350,1112
1251,1252
37,1660
1587,858
421,328
336,1906
834,1542
717,964
209,2130
1716,377
1651,1573
2259,1327
1852,1674
955,85
1309,483
61,710
1754,1121
646,587
1964,2159
2135,1374
106,1721
1209,1897
526,529
789,1620
1238,800
2180,1826
1866,1655
159,657
1916,2238
2228,1410
2091,1506
623,85
1110,1112
2219,297
1138,1385
1502,856
2163,61
635,657
1091,1652
619,2163
1212,17
1355,893
2307,920
1594,617
1193,1923
1775,58
1040,1366
1472,1179
153,2132
1082,2212
1763,916
476,683
464,1540
2075,1331
1110,725
708,61
1987,1025
982,1391
503,7
1685,260
1964,332
1883,1157
81,744
59,1039
1469,2156
732,1347
1039,1112
616,1179
1767,2052
1465,2055
963,918
1734,1991
1246,2126
823,503
1490,1890
556,2054
2151,2257
1160,1655
1594,391
348,1417
370,2169
1632,1718
1296,61
2222,2124
363,513
774,2250
1501,59
1828,1642
730,1923
981,135
1707,1715
457,447
1173,1906
702,751
442,1335
1822,1093
151,1121
1602,456
1998,1651
144,1679
690,1216
2013,1151
748,55
415,2306
653,1039
695,2257
403,1327
1985,1618
1497,1179
305,1916
545,1923
418,683
720,929
104,2123
1110,318
642,747
332,1964
221,1327
1562,1179
1298,1215
1002,2250
1002,210
1372,2036
1184,2033
1039,2011
1171,2102
1859,1633
1733,287
552,24
2101,1540
2001,965
61,46
1157,550
125,8
1554,1788
1819,1144
1165,40
1259,716
1482,122
1257,550
1759,2108
2212,2134
57,1179
1093,1179
1510,1364
1314,528
63,1143
587,2297
1315,1179
2297,587
1069,332
646,2243
371,2243
994,1333
1039,456
491,2058
1819,929
109,1223
804,1004
2091,2215
85,1822
1632,966
1309,2125
2202,1167
1985,343
1129,1047
758,1711
1260,1276
1406,85
2257,1212
339,870
2280,1659
1514,570
1281,1391
19,103
1560,1522
2098,2212
1747,1080
2220,2157
1898,2008
2102,1827
256,409
377,540
366,612
1257,2102
545,343
820,332
1602,278
521,1147
1377,2220
1711,1541
1605,728
1538,260
1610,788
1998,1573
1878,1652
47,1147
518,1324
14,1923
193,1863
1296,1510
507,570
1,528
587,17
1602,1160
2291,447
2212,1000
1102,413
2016,1668
1237,796
101,1267
2134,2212
1039,920
1102,31
1269,931
1923,59
114,1179
567,1977
603,1857
11,881
1400,1069
1946,752
1517,1133
1528,2266
1229,1273
1021,2002
652,1404
965,931
1051,1000
235,2168
724,1060
921,1392
298,2123
1314,1323
822,1891
1595,1430
561,2218
1116,2039
2109,1400
76,1447
997,2183
445,2089
2218,2212
362,657
2243,1301
209,1740
1504,1620
167,211
343,968
436,287
2212,1327
1465,1157
801,1908
1321,2257
1305,1806
1223,81
1504,458
1784,209
297,2218
2126,1139
1823,2068
1660,1661
2214,1160
886,22
1160,2259
143,1567
695,332
503,1276
684,59
204,1327
835,85
1427,987
2154,969
293,185
53,17
1878,1406
2212,1082
644,1996
1157,1827
271,839
1819,1468
1190,2289
678,1655
1393,2293
393,1039
1661,2247
2229,2150
1212,1069
595,2246
649,1856
1827,1503
1034,1067
2074,181
107,1827
695,332
1136,147
1307,1375
53,1166
462,892
522,1074
1815,1660
664,1212
1193,2183
1465,1827
800,2250
789,365
1387,459
410,150
2074,356
818,1170
1322,405
1181,1766
156,150
1102,1816
1049,2286
61,1184
892,2244
833,1214
2259,1160
1642,1828
912,592
1646,289
1405,1778
1281,1573
258,1074
1822,696
1832,209
649,503
2212,929
1001,965
321,1082
1039,343
1010,270
1550,1374
969,237
156,838
1447,503
1394,207
3,1078
2091,2215
1281,1573
2216,548
1711,789
1545,1493
1106,209
264,314
1515,458
2218,1112
1223,1711
1954,2121
2259,1655
104,2123
1188,1176
1636,1760
1061,1573
1083,684
1670,2133
1827,550
771,264
1225,1473
2212,1655
854,747
57,1179
88,1959
1862,185
2121,1503
134,1039
213,820
1184,1275
602,2090
883,1074
1179,1893
532,61
951,882
507,1223
1664,728
684,1748
804,2250
1796,1184
1230,394
811,2266
2159,1212
313,1414
845,1831
1759,2108
267,2220
14,725
305,528
1160,2212
2177,22
1055,14
1515,1822
373,187
1659,377
681,1550
11,347
473,2132
2028,1932
1827,1815
1447,503
587,2297
85,1406
288,2243
756,2212
422,1912
612,2000
522,1913
1837,1179
1967,2220
1051,355
526,181
2124,1787
1936,1754
1963,1314
1711,1663
418,476
585,1493
185,682
87,1903
1371,1139
526,529
134,185
695,1832
829,1179
964,1419
1179,335
1051,1000
1293,2126
160,503
719,717
1053,1327
265,1719
795,1179
1001,2138
526,703
804,539
1714,61
604,1661
964,717
1157,1660
61,2215
1955,2156
1198,570
463,1969
1665,1646
2110,253
389,1039
317,619
321,1082
1344,209
625,2231
1515,749
1511,1620
1494,213
832,2159
217,1923
1862,881
178,1827
415,2306
788,1610
697,443
1620,1822
1124,503
1332,61
424,611
1012,1471
1908,801
107,209
892,2244
1925,796
1419,1506
209,1664
484,1181
1565,8
681,890
1254,1464
2124,800
85,1822
1485,1378
716,220
474,1633
978,1179
965,1985
1918,2303
1711,343
209,566
61,710
1663,2040
123,2202
379,1327
872,181
719,1209
1819,1139
378,497
260,892
1504,1093
132,1410
1965,1985
474,209
2291,447
2243,714
474,1212
811,1985
1297,800
691,1260
926,1660
491,1886
2137,61
1523,347
1827,1157
323,1187
17,235
695,1473
447,2212
460,1050
14,529
172,1464
535,1521
1859,1551
649,2206
2239,2212
1798,717
1410,1043
1179,800
766,502
1337,7
1671,2187
1548,443
1039,343
343,59
1079,1074
6,1832
1432,209
235,2125
1468,650
2269,303
1827,899
60,717
522,518
1185,1518
501,1977
599,410
526,2163
2169,601
1304,1977
695,319
522,1827
1592,796
2005,1610
209,1538
1266,260
1955,1390
260,1538
2212,1246
752,343
1419,1418
988,713
245,838
348,1417
160,1276
1585,947
1964,1605
1798,716
6,153
719,1468
144,2073
1184,24
1965,59
1862,1128
263,1788
59,2212
696,115
1503,923
1077,60
379,346
1355,1794
1212,1633
410,838
813,185
1106,2159
772,1478
1949,1872
1179,744
350,1112
131,1740
1965,181
1496,2169
529,619
209,1179
652,1827
1851,209
1301,53
710,343
723,1960
917,706
688,1039
1023,548
2206,933
315,1822
2136,1179
713,988
1184,2306
1915,1633
1469,872
2295,2249
194,933
974,1074
551,1327
1661,2056
1734,483
191,1179
1420,1082
503,76
2102,1661
59,717
2187,741
2212,59
2212,2259
1933,588
1184,1589
964,1419
964,59
1500,2190
838,410
696,115
559,1916
1510,714
1254,1464
1977,1633
1661,2102
2254,378
59,1112
1946,752
2138,2266
1825,1268
1275,1184
1410,1711
1179,57
2206,1711
2102,1661
1378,346
1086,800
623,1406
1506,2001
400,583
2185,1754
317,346
838,2169
997,821
679,542
410,150
1244,923
1619,285
156,264
2232,696
973,838
2121,652
614,443
2307,122
1259,716
787,600
1027,933
872,1079
161,818
1181,744
103,19
1410,1613
728,1605
1070,1711
758,1711
1902,2220
1965,2215
735,1160
1335,442
1015,917
1374,1785
649,2250
1273,324
2266,684
20,2215
14,529
1806,1400
1625,1834
1885,1160
2134,964
319,113
793,1185
838,1514
1064,1827
1482,1082
1617,1812
1374,1550
716,1179
717,1468
443,2259
1160,456
346,1378
2163,1418
370,2169
2259,1718
454,1179
454,85
1633,2257
59,1039
1822,543
344,1718
881,192
1679,260
440,716
1827,1684
1684,1660
343,2126
2159,1977
17,714
1502,856
1853,206
1951,1413
2081,975
1406,800
650,518
1157,550
1668,1507
1039,2293
2244,209
1074,872
1179,789
1404,1157
1974,1199
529,14
1794,1378
302,725
965,1873
1573,1651
797,271
185,118
1832,1212
1281,1280
389,1711
220,716
952,2023
2259,1160
1838,1419
1494,1633
1511,503
2093,2056
1404,1661
1655,2212
1161,636
1046,209
1478,314
690,1856
5,1886
526,1078
1096,1859
1372,1788
296,1128
677,185
710,1179
1372,1249
1916,1920
454,1074
1136,1255
2163,1419
1885,1706
881,933
36,2078
965,1873
604,2093
239,872
2055,1327
1276,503
415,2259
1866,717
1602,1246
652,1503
238,442
57,1620
1872,1160
1858,1824
1923,343
371,587
1374,844
1916,782
1223,192
526,619
178,2124
619,2266
1500,1900
1859,1832
2125,2028
1532,143
1711,1541
1711,2076
1039,456
1831,619
57,800
122,916
2244,260
1716,1659
384,17
2158,800
2158,657
206,1853
717,443
1503,2093
1646,289
2055,1215
442,2208
1327,1112
1832,209
19,103
1223,407
